// Pinyin candidate strings for the CFRU naming-screen IME.
// Generated from FireRedEngine text through Complete-Fire-Red-Upgrade/charmap.tbl.

#define CONST_ALIGINED const ALIGNED(1)

struct PinyinCandidateGroup
{
    const u8 *pinyin;
    const u8 *chars;
};

static CONST_ALIGINED u8 pinyin_a[] = {0x01, 0x00, 0x01, 0x01, 0x04, 0xED, 0x13, 0xEE, 0x14, 0x60, 0x18, 0xB1, 0x1A, 0x0D, 0xFF};
static CONST_ALIGINED u8 pinyin_ai[] = {0x01, 0x0D, 0x01, 0x0A, 0x01, 0x03, 0x01, 0x04, 0x01, 0x0C, 0x01, 0x08, 0x01, 0x0B, 0x01, 0x05, 0x01, 0x06, 0x01, 0x09, 0x01, 0x0E, 0x01, 0x02, 0x01, 0x07, 0x02, 0xD4, 0x14, 0x65, 0x16, 0xAA, 0x17, 0x4F, 0x18, 0x3F, 0x13, 0xB6, 0x19, 0x50, 0x14, 0x64, 0x1A, 0x21, 0x1D, 0xA8, 0x09, 0xC1, 0x11, 0x6D, 0x13, 0xF5, 0x14, 0x82, 0x0A, 0xA1, 0x05, 0x01, 0xFF};
static CONST_ALIGINED u8 pinyin_an[] = {0x01, 0x13, 0x01, 0x11, 0x01, 0x14, 0x01, 0x15, 0x01, 0x12, 0x01, 0x17, 0x01, 0x0F, 0x01, 0x10, 0x01, 0x16, 0x02, 0x29, 0x04, 0xAB, 0x15, 0x37, 0x13, 0xC5, 0x14, 0xE7, 0x19, 0xF2, 0x17, 0x98, 0x12, 0x25, 0x1A, 0x78, 0x12, 0xAF, 0x1E, 0x55, 0x04, 0x33, 0x04, 0xF6, 0x0A, 0xC8, 0x1C, 0x15, 0xFF};
static CONST_ALIGINED u8 pinyin_ang[] = {0x01, 0x19, 0x01, 0x18, 0x01, 0x1A, 0x0E, 0xDF, 0xFF};
static CONST_ALIGINED u8 pinyin_ao[] = {0x01, 0x1F, 0x01, 0x1B, 0x01, 0x20, 0x01, 0x21, 0x01, 0x1D, 0x01, 0x22, 0x01, 0x1C, 0x01, 0x1E, 0x01, 0x23, 0x0E, 0x26, 0x13, 0xAD, 0x16, 0xA3, 0x15, 0x3B, 0x16, 0xD3, 0x14, 0x57, 0x12, 0x9E, 0x16, 0x5F, 0x1C, 0x13, 0x1C, 0x73, 0x17, 0xE6, 0x1D, 0xC3, 0x1E, 0x00, 0x1E, 0x48, 0x14, 0xA8, 0x14, 0x7A, 0x04, 0xBF, 0x07, 0x0F, 0xFF};
static CONST_ALIGINED u8 pinyin_ba[] = {0x01, 0x30, 0x01, 0x2A, 0x01, 0x28, 0x01, 0x35, 0x01, 0x2D, 0x01, 0x34, 0x01, 0x2E, 0x01, 0x2C, 0x01, 0x24, 0x01, 0x26, 0x01, 0x32, 0x01, 0x33, 0x01, 0x27, 0x01, 0x2F, 0x01, 0x29, 0x01, 0x2B, 0x01, 0x31, 0x01, 0x25, 0x1D, 0x0A, 0x12, 0xEA, 0x14, 0xAB, 0x1D, 0xC9, 0x19, 0xC6, 0x1E, 0x28, 0x13, 0x3C, 0x16, 0x35, 0x01, 0xC9, 0x13, 0xBA, 0x17, 0x72, 0x0A, 0x25, 0x13, 0x42, 0xFF};
static CONST_ALIGINED u8 pinyin_bai[] = {0x01, 0x38, 0x01, 0x36, 0x01, 0x39, 0x01, 0x3B, 0x01, 0x37, 0x01, 0x3C, 0x01, 0x3A, 0x01, 0xC9, 0x01, 0x3D, 0x13, 0xBA, 0x14, 0x00, 0x18, 0x6A, 0x01, 0x26, 0x0A, 0x22, 0x0A, 0x26, 0x13, 0x8C, 0x1E, 0x18, 0xFF};
static CONST_ALIGINED u8 pinyin_ban[] = {0x01, 0x4A, 0x01, 0x4B, 0x01, 0x3F, 0x01, 0x42, 0x01, 0x47, 0x01, 0x40, 0x01, 0x45, 0x01, 0x3E, 0x01, 0x44, 0x01, 0x48, 0x01, 0x41, 0x01, 0x46, 0x01, 0x49, 0x01, 0x43, 0x01, 0x4C, 0x1A, 0xBD, 0x12, 0x94, 0x19, 0xC0, 0x1C, 0xE5, 0x12, 0x3C, 0x1A, 0xB3, 0x03, 0xD9, 0x01, 0xAF, 0x14, 0xD3, 0x01, 0xA3, 0x01, 0xA4, 0xFF};
static CONST_ALIGINED u8 pinyin_bang[] = {0x01, 0x4E, 0x01, 0x53, 0x01, 0x52, 0x01, 0x54, 0x01, 0x56, 0x01, 0x4D, 0x01, 0x50, 0x01, 0x55, 0x01, 0x57, 0x01, 0x4F, 0x01, 0x51, 0x01, 0x58, 0x15, 0xD7, 0x13, 0x6B, 0x0A, 0x4A, 0x0A, 0x31, 0x03, 0xC7, 0x1C, 0x7B, 0xFF};
static CONST_ALIGINED u8 pinyin_bao[] = {0x01, 0x5B, 0x01, 0x64, 0x01, 0x65, 0x01, 0x62, 0x01, 0x60, 0x01, 0x66, 0x01, 0x5E, 0x01, 0x63, 0x01, 0x69, 0x01, 0x5D, 0x01, 0x67, 0x0A, 0x36, 0x01, 0x5F, 0x01, 0x5C, 0x01, 0x61, 0x01, 0x59, 0x01, 0x5A, 0x01, 0x68, 0x0A, 0x37, 0x0A, 0x94, 0x1D, 0xAD, 0x16, 0xC1, 0x19, 0x03, 0x1A, 0xE9, 0x1A, 0x63, 0x1D, 0x5A, 0x13, 0x5A, 0x11, 0xD7, 0x02, 0xD4, 0x01, 0xD9, 0x0A, 0x38, 0x11, 0xE5, 0xFF};
static CONST_ALIGINED u8 pinyin_bei[] = {0x01, 0x78, 0x01, 0x6E, 0x01, 0x73, 0x01, 0x6A, 0x01, 0x70, 0x01, 0x6C, 0x01, 0x75, 0x01, 0x6B, 0x01, 0x6D, 0x01, 0x71, 0x01, 0x6F, 0x01, 0x72, 0x01, 0x77, 0x01, 0x74, 0x01, 0x76, 0x01, 0x98, 0x1A, 0xE8, 0x15, 0x62, 0x13, 0x66, 0x1A, 0x79, 0x1D, 0xC5, 0x14, 0x00, 0x12, 0x53, 0x1E, 0x18, 0x11, 0x54, 0x12, 0x3F, 0x19, 0x64, 0x11, 0xB1, 0x12, 0xB1, 0x15, 0x57, 0x01, 0xC3, 0x0A, 0x8B, 0x13, 0x42, 0x0A, 0x8A, 0x1C, 0x5A, 0x01, 0x2E, 0xFF};
static CONST_ALIGINED u8 pinyin_ben[] = {0x01, 0x7B, 0x01, 0x79, 0x01, 0x7A, 0x01, 0x7C, 0x04, 0xE1, 0x1A, 0x10, 0x18, 0x46, 0x12, 0x82, 0x12, 0x84, 0x0C, 0xE6, 0xFF};
static CONST_ALIGINED u8 pinyin_beng[] = {0x01, 0x81, 0x01, 0x7E, 0x01, 0x7F, 0x01, 0x7D, 0x01, 0x82, 0x01, 0x55, 0x01, 0x80, 0x18, 0x20, 0x14, 0x70, 0x11, 0xA9, 0x01, 0x57, 0x14, 0x32, 0x12, 0xB3, 0x0A, 0x78, 0x0A, 0x47, 0x0A, 0x31, 0x01, 0x50, 0xFF};
static CONST_ALIGINED u8 pinyin_bi[] = {0x01, 0x85, 0x01, 0x87, 0x01, 0x92, 0x01, 0x84, 0x01, 0x89, 0x01, 0x95, 0x01, 0x99, 0x01, 0x83, 0x01, 0x8C, 0x01, 0x98, 0x01, 0x88, 0x01, 0x86, 0x01, 0x97, 0x01, 0x8A, 0x01, 0x8F, 0x01, 0x94, 0x01, 0x96, 0x01, 0x8B, 0x01, 0x8D, 0x01, 0x90, 0x01, 0x93, 0x01, 0x9A, 0x01, 0x8E, 0x01, 0x91, 0x09, 0x70, 0x09, 0x72, 0x1A, 0x49, 0x13, 0x8C, 0x13, 0x22, 0x12, 0xD7, 0x13, 0x42, 0x11, 0x41, 0x1A, 0xE4, 0x19, 0x9C, 0x11, 0xB1, 0x16, 0xB6, 0x14, 0xF3, 0x1C, 0xAE, 0x1C, 0xC0, 0x1C, 0xCC, 0x1C, 0xE3, 0x13, 0x05, 0x1D, 0x01, 0x15, 0x39, 0x19, 0xD6, 0x1D, 0x69, 0x13, 0xF6, 0x15, 0x78, 0x18, 0x46, 0x16, 0x0A, 0x16, 0x2C, 0x17, 0x5C, 0x14, 0x17, 0x1E, 0x21, 0x16, 0x7A, 0x16, 0x82, 0x16, 0xA0, 0x11, 0x83, 0x03, 0xF3, 0x01, 0x6D, 0x12, 0xB1, 0x04, 0x1E, 0x16, 0xA9, 0x04, 0x05, 0x15, 0x30, 0x04, 0x03, 0x13, 0xBA, 0x04, 0x0A, 0x17, 0x68, 0x17, 0xE3, 0x17, 0xED, 0x01, 0xC3, 0x0A, 0x6E, 0x16, 0xE2, 0x0A, 0x5D, 0x09, 0x01, 0x01, 0x78, 0x03, 0xD4, 0x1D, 0x65, 0x1D, 0xC5, 0x12, 0x3F, 0x12, 0x46, 0x1A, 0x57, 0xFF};
static CONST_ALIGINED u8 pinyin_bian[] = {0x01, 0x9C, 0x01, 0xA1, 0x01, 0xA0, 0x01, 0xA6, 0x01, 0x9D, 0x01, 0xA4, 0x01, 0x9F, 0x01, 0x9E, 0x01, 0x9B, 0x01, 0xA2, 0x01, 0xA3, 0x01, 0xA5, 0x15, 0x4E, 0x19, 0x4D, 0x11, 0x63, 0x15, 0xA9, 0x19, 0x6B, 0x1C, 0x70, 0x1A, 0xEB, 0x1D, 0xF5, 0x1C, 0xAB, 0x12, 0xE2, 0x1A, 0xC9, 0x12, 0x81, 0x1E, 0x33, 0x17, 0x0B, 0x19, 0x05, 0x03, 0xE5, 0x13, 0xAC, 0x1A, 0x53, 0xFF};
static CONST_ALIGINED u8 pinyin_biao[] = {0x01, 0xAA, 0x01, 0xA7, 0x01, 0xA8, 0x01, 0xA9, 0x17, 0x63, 0x16, 0x9D, 0x18, 0xD1, 0x18, 0xD5, 0x1E, 0x06, 0x1A, 0xB6, 0x18, 0xD6, 0x1A, 0x44, 0x1A, 0xE1, 0x16, 0xD6, 0x1A, 0x2E, 0x11, 0x73, 0x16, 0xB0, 0x0A, 0x6A, 0x19, 0x12, 0x01, 0x59, 0x1E, 0x48, 0x1E, 0x33, 0xFF};
static CONST_ALIGINED u8 pinyin_bie[] = {0x01, 0xAD, 0x01, 0xAC, 0x01, 0xAB, 0x01, 0xAE, 0x1D, 0x59, 0x01, 0x26, 0x01, 0x2D, 0x01, 0x25, 0x0A, 0x6D, 0x09, 0x70, 0x01, 0x8B, 0xFF};
static CONST_ALIGINED u8 pinyin_bin[] = {0x01, 0xB3, 0x01, 0xB1, 0x01, 0xB4, 0x01, 0xAF, 0x01, 0xB0, 0x01, 0xB2, 0x14, 0xD3, 0x18, 0xC1, 0x17, 0xF0, 0x17, 0x16, 0x1E, 0x25, 0x11, 0xBE, 0x17, 0xC9, 0x1E, 0x3D, 0x1A, 0x2D, 0x17, 0x2C, 0x03, 0xE0, 0x15, 0xD7, 0x0A, 0x70, 0xFF};
static CONST_ALIGINED u8 pinyin_bing[] = {0x01, 0xBD, 0x01, 0xBC, 0x01, 0xB5, 0x01, 0xB6, 0x01, 0xB8, 0x01, 0xBA, 0x0A, 0x7C, 0x01, 0xB9, 0x01, 0xB7, 0x01, 0xBB, 0x13, 0xC7, 0x17, 0xC9, 0x11, 0xE6, 0x12, 0x51, 0x11, 0xEA, 0x0A, 0x78, 0x0A, 0x6F, 0x17, 0x71, 0x19, 0x0F, 0x16, 0xEE, 0xFF};
static CONST_ALIGINED u8 pinyin_bo[] = {0x01, 0xC1, 0x01, 0xC3, 0x01, 0xC0, 0x01, 0xCF, 0x01, 0xC4, 0x01, 0xC9, 0x01, 0xD0, 0x01, 0xBE, 0x01, 0x5D, 0x01, 0x5E, 0x01, 0xC5, 0x01, 0xBF, 0x01, 0xC2, 0x01, 0xC6, 0x01, 0xCC, 0x01, 0xCA, 0x01, 0x42, 0x01, 0x37, 0x01, 0xCB, 0x01, 0xCE, 0x01, 0xC7, 0x01, 0xC8, 0x01, 0xCD, 0x0A, 0x82, 0x01, 0xD2, 0x19, 0x76, 0x1D, 0x65, 0x17, 0xE3, 0x11, 0xE0, 0x1A, 0x70, 0x1D, 0x75, 0x14, 0x3F, 0x13, 0x83, 0x1C, 0xD7, 0x19, 0xCD, 0x15, 0x25, 0x18, 0x6C, 0x03, 0xF3, 0x09, 0xB2, 0x11, 0x54, 0x0A, 0x1F, 0x0A, 0x21, 0x01, 0x2D, 0x13, 0xDD, 0x01, 0x66, 0x04, 0x0A, 0x0A, 0x7E, 0x0A, 0x28, 0x0A, 0x94, 0x01, 0x69, 0x03, 0xAF, 0x01, 0x36, 0x01, 0x38, 0x01, 0xD9, 0x16, 0x79, 0x0A, 0x8B, 0x0A, 0x8C, 0x13, 0x8C, 0x13, 0x98, 0x1D, 0x5A, 0x0A, 0x39, 0x1D, 0xC9, 0xFF};
static CONST_ALIGINED u8 pinyin_bu[] = {0x01, 0xD6, 0x01, 0xD8, 0x01, 0xD4, 0x01, 0xD7, 0x01, 0xDA, 0x01, 0xD1, 0x01, 0xD2, 0x01, 0xD9, 0x01, 0xD3, 0x01, 0x61, 0x01, 0xD5, 0x01, 0xDB, 0x0A, 0x8D, 0x18, 0x1F, 0x16, 0x51, 0x18, 0x3A, 0x19, 0xCC, 0x19, 0xBD, 0x1D, 0x4D, 0x13, 0xE7, 0x13, 0xAB, 0x16, 0x05, 0x01, 0x5E, 0x04, 0x27, 0x1E, 0x18, 0xFF};
static CONST_ALIGINED u8 pinyin_ca[] = {0x01, 0xDC, 0x02, 0x14, 0x19, 0x74, 0x14, 0x86, 0x01, 0xE7, 0xFF};
static CONST_ALIGINED u8 pinyin_cai[] = {0x01, 0xE0, 0x01, 0xE6, 0x01, 0xE4, 0x01, 0xDF, 0x01, 0xE1, 0x01, 0xDE, 0x01, 0xDD, 0x01, 0xE3, 0x01, 0xE2, 0x01, 0xE7, 0x01, 0xE5, 0xFF};
static CONST_ALIGINED u8 pinyin_can[] = {0x01, 0xEA, 0x01, 0xEB, 0x02, 0x18, 0x01, 0xE9, 0x01, 0xED, 0x01, 0xEC, 0x01, 0xE8, 0x01, 0xEE, 0x16, 0xD0, 0x17, 0x59, 0x16, 0x72, 0x1E, 0x54, 0x1D, 0x0F, 0xFF};
static CONST_ALIGINED u8 pinyin_cang[] = {0x01, 0xF3, 0x01, 0xF1, 0x01, 0xF2, 0x01, 0xF0, 0x01, 0xEF, 0x11, 0x88, 0x18, 0x1C, 0xFF};
static CONST_ALIGINED u8 pinyin_cao[] = {0x02, 0x01, 0x01, 0xF4, 0x02, 0x00, 0x01, 0xF6, 0x01, 0xF5, 0x14, 0x6C, 0x1C, 0xF0, 0x1C, 0x7E, 0x16, 0x14, 0x16, 0x7C, 0x0F, 0xF4, 0x12, 0xC5, 0x10, 0x01, 0xFF};
static CONST_ALIGINED u8 pinyin_ce[] = {0x02, 0x05, 0x02, 0x04, 0x02, 0x03, 0x02, 0x06, 0x02, 0x02, 0x15, 0x5D, 0x14, 0x99, 0x10, 0x17, 0x0B, 0xC0, 0xFF};
static CONST_ALIGINED u8 pinyin_cen[] = {0x01, 0xE9, 0x14, 0xA9, 0x15, 0xD6, 0xFF};
static CONST_ALIGINED u8 pinyin_ceng[] = {0x10, 0x0D, 0x02, 0x07, 0x02, 0x08, 0x14, 0x7D, 0x0B, 0x8C, 0x10, 0x0B, 0x17, 0x1E, 0xFF};
static CONST_ALIGINED u8 pinyin_cha[] = {0x02, 0x0D, 0x02, 0x09, 0x02, 0x0A, 0x02, 0x0C, 0x02, 0x12, 0x02, 0x11, 0x02, 0x0F, 0x02, 0x10, 0x02, 0x0B, 0x02, 0x0E, 0x0B, 0x90, 0x02, 0x13, 0x17, 0xB0, 0x17, 0xBB, 0x1A, 0x43, 0x1A, 0xD3, 0x15, 0xA1, 0x15, 0x28, 0x17, 0xE4, 0x16, 0x93, 0x17, 0x65, 0x1A, 0x1E, 0x14, 0x86, 0x0D, 0x29, 0x07, 0x2F, 0x07, 0x25, 0x0E, 0x3C, 0x15, 0x0B, 0x12, 0xEC, 0x13, 0x2A, 0x19, 0xBB, 0xFF};
static CONST_ALIGINED u8 pinyin_chai[] = {0x02, 0x15, 0x02, 0x14, 0x02, 0x12, 0x02, 0x16, 0x19, 0xBB, 0x1A, 0xAD, 0x1C, 0x29, 0x11, 0x9C, 0x02, 0x0A, 0x02, 0xCA, 0x02, 0x0D, 0x13, 0x06, 0x1D, 0xAF, 0xFF};
static CONST_ALIGINED u8 pinyin_chan[] = {0x02, 0x1C, 0x02, 0x1E, 0x02, 0x18, 0x02, 0x17, 0x02, 0x1F, 0x02, 0x20, 0x02, 0x1D, 0x02, 0x1B, 0x02, 0x19, 0x02, 0xE3, 0x02, 0x1A, 0x18, 0x54, 0x16, 0xA1, 0x13, 0x54, 0x12, 0x1C, 0x11, 0xD5, 0x15, 0x3D, 0x16, 0x72, 0x1C, 0x8D, 0x16, 0x75, 0x1A, 0x36, 0x15, 0x44, 0x16, 0x23, 0x19, 0x29, 0x16, 0xD8, 0x1D, 0x8A, 0x16, 0x28, 0x0D, 0x2B, 0x08, 0x5A, 0x16, 0xB5, 0x10, 0x2B, 0x02, 0xE5, 0x10, 0x27, 0x05, 0xEE, 0x10, 0x40, 0x0B, 0x99, 0x1A, 0xDF, 0x12, 0x35, 0xFF};
static CONST_ALIGINED u8 pinyin_chang[] = {0x02, 0x27, 0x02, 0x26, 0x02, 0x2C, 0x02, 0x25, 0x02, 0x23, 0x02, 0x29, 0x02, 0x24, 0x02, 0x28, 0x02, 0x2B, 0x02, 0x21, 0x02, 0x2A, 0x02, 0x2D, 0x02, 0x22, 0x0B, 0xAF, 0x1D, 0xE8, 0x18, 0x73, 0x13, 0x3E, 0x15, 0x6D, 0x16, 0xB1, 0x14, 0xDE, 0x12, 0x7F, 0x15, 0x90, 0x15, 0x4B, 0x11, 0x87, 0x18, 0x32, 0x12, 0xDB, 0x16, 0x9F, 0x0C, 0xC9, 0x0B, 0xAE, 0x0C, 0xCB, 0xFF};
static CONST_ALIGINED u8 pinyin_chao[] = {0x02, 0x31, 0x02, 0x2F, 0x02, 0x2E, 0x02, 0x35, 0x02, 0x33, 0x02, 0x34, 0x02, 0x36, 0x02, 0x32, 0x07, 0x1D, 0x02, 0xA2, 0x02, 0x30, 0x15, 0x58, 0x18, 0xF4, 0x1C, 0x02, 0x18, 0x37, 0x14, 0x29, 0x0C, 0xCF, 0x16, 0xE7, 0x0B, 0xBA, 0x10, 0xB0, 0xFF};
static CONST_ALIGINED u8 pinyin_che[] = {0x02, 0x37, 0x02, 0x39, 0x02, 0x38, 0x02, 0x3A, 0x02, 0x3B, 0x02, 0x61, 0x02, 0x3C, 0x12, 0x99, 0x19, 0x49, 0x03, 0x85, 0x10, 0x1F, 0x16, 0x7C, 0x02, 0x64, 0x02, 0x5A, 0xFF};
static CONST_ALIGINED u8 pinyin_chen[] = {0x02, 0x3F, 0x02, 0x45, 0x02, 0x48, 0x02, 0x3E, 0x02, 0x40, 0x02, 0x41, 0x02, 0x43, 0x02, 0x44, 0x02, 0x46, 0x02, 0x4A, 0x02, 0x42, 0x02, 0x3D, 0x17, 0xB9, 0x13, 0xAA, 0x12, 0x1E, 0x19, 0x66, 0x12, 0x35, 0x16, 0x3B, 0x1D, 0xAB, 0x14, 0x5D, 0x11, 0x88, 0x17, 0x48, 0x07, 0xBE, 0x0C, 0xEF, 0x08, 0x84, 0x10, 0x60, 0x0B, 0xD0, 0x10, 0x32, 0x10, 0x61, 0x19, 0x80, 0x17, 0x10, 0x18, 0x8A, 0x18, 0x99, 0x02, 0x93, 0xFF};
static CONST_ALIGINED u8 pinyin_cheng[] = {0x02, 0x54, 0x02, 0x4B, 0x02, 0x4D, 0x0B, 0xDE, 0x02, 0x47, 0x02, 0x48, 0x02, 0x49, 0x02, 0x4E, 0x02, 0x4C, 0x02, 0x51, 0x02, 0x55, 0x02, 0x4F, 0x02, 0x53, 0x02, 0x50, 0x02, 0x4A, 0x02, 0x52, 0x18, 0xBD, 0x17, 0x86, 0x12, 0xA8, 0x19, 0xDE, 0x14, 0x7D, 0x19, 0xE2, 0x1D, 0x42, 0x18, 0x35, 0x1A, 0xDE, 0x17, 0x6E, 0x1C, 0x40, 0x11, 0x3A, 0x19, 0x97, 0x11, 0x87, 0x07, 0x6B, 0x0A, 0xD3, 0x14, 0xCD, 0x14, 0xE1, 0x0A, 0xD9, 0x02, 0x2A, 0x17, 0xD1, 0x15, 0xC2, 0x03, 0x47, 0x0C, 0xCC, 0x01, 0x81, 0x12, 0x5F, 0x0E, 0x5C, 0xFF};
static CONST_ALIGINED u8 pinyin_chi[] = {0x02, 0x56, 0x02, 0x61, 0x02, 0x5B, 0x02, 0x5A, 0x02, 0x63, 0x02, 0x57, 0x02, 0x62, 0x02, 0x5F, 0x02, 0x5E, 0x02, 0x58, 0x02, 0x64, 0x02, 0x60, 0x02, 0x5C, 0x02, 0x5D, 0x02, 0x65, 0x02, 0x59, 0x1D, 0x72, 0x12, 0x9A, 0x12, 0xEF, 0x12, 0xC1, 0x15, 0x22, 0x16, 0xAC, 0x1D, 0x35, 0x1A, 0xED, 0x18, 0x81, 0x14, 0x28, 0x1A, 0xB1, 0x1C, 0x36, 0x14, 0x50, 0x1A, 0x69, 0x19, 0x86, 0x1C, 0x79, 0x1C, 0xCD, 0x1E, 0x2D, 0x13, 0xE8, 0x14, 0xD6, 0x1C, 0xAC, 0x14, 0x69, 0x11, 0xC0, 0x03, 0x84, 0x0E, 0x30, 0x0D, 0xD6, 0x0C, 0xA0, 0x0C, 0xA8, 0x02, 0x14, 0x0D, 0x37, 0x0C, 0xE2, 0x13, 0xCC, 0x17, 0x83, 0x15, 0xBA, 0x10, 0x9F, 0x10, 0x9E, 0x19, 0x83, 0x08, 0x60, 0x0F, 0x16, 0x18, 0x9F, 0x12, 0xE0, 0x02, 0x0B, 0x08, 0x67, 0x0B, 0xBD, 0x1D, 0x57, 0x0C, 0x13, 0x16, 0xCC, 0xFF};
static CONST_ALIGINED u8 pinyin_chong[] = {0x02, 0x67, 0x10, 0xA9, 0x02, 0x68, 0x02, 0x66, 0x02, 0x6A, 0x02, 0x69, 0x0F, 0x6D, 0x10, 0xA7, 0x1C, 0xF1, 0x15, 0x48, 0x1C, 0xDC, 0x19, 0xF0, 0x15, 0x7E, 0x13, 0x16, 0x11, 0xC6, 0x16, 0x22, 0x10, 0xC3, 0x10, 0xA2, 0x05, 0xD6, 0x0D, 0x12, 0xFF};
static CONST_ALIGINED u8 pinyin_chou[] = {0x02, 0x6B, 0x02, 0x70, 0x02, 0x76, 0x02, 0x72, 0x02, 0x75, 0x02, 0x6F, 0x02, 0x73, 0x02, 0x6C, 0x02, 0x71, 0x02, 0x6E, 0x02, 0x6D, 0x02, 0x74, 0x15, 0x6F, 0x11, 0xA0, 0x14, 0x98, 0x1A, 0xBC, 0x1D, 0xBD, 0x12, 0x8E, 0x16, 0x8A, 0x0A, 0x01, 0x13, 0xC4, 0x16, 0x0B, 0x10, 0xB0, 0x0A, 0x02, 0x1D, 0xCE, 0xFF};
static CONST_ALIGINED u8 pinyin_chu[] = {0x02, 0x78, 0x02, 0x86, 0x02, 0x77, 0x02, 0x7C, 0x02, 0x7F, 0x02, 0x85, 0x02, 0x79, 0x02, 0x80, 0x02, 0x81, 0x02, 0x82, 0x0E, 0x7E, 0x02, 0x7E, 0x02, 0x83, 0x02, 0x84, 0x02, 0x7B, 0x02, 0x7A, 0x02, 0x7D, 0x17, 0xA1, 0x17, 0x6D, 0x12, 0x6F, 0x15, 0x51, 0x16, 0xE9, 0x11, 0x32, 0x15, 0x7F, 0x1D, 0x83, 0x1E, 0x4C, 0x1C, 0x53, 0x17, 0xD0, 0x10, 0xCB, 0x09, 0xF1, 0x0D, 0x27, 0x0C, 0x2C, 0x08, 0xC5, 0x10, 0xD2, 0x0E, 0x80, 0x10, 0xC9, 0x1A, 0xE2, 0x12, 0x06, 0x10, 0xBF, 0xFF};
static CONST_ALIGINED u8 pinyin_chua[] = {0x02, 0xC9, 0xFF};
static CONST_ALIGINED u8 pinyin_chuai[] = {0x02, 0x87, 0x18, 0xC4, 0x14, 0x44, 0x14, 0x78, 0x13, 0xCC, 0x1D, 0x79, 0xFF};
static CONST_ALIGINED u8 pinyin_chuan[] = {0x02, 0x89, 0x02, 0x8C, 0x02, 0x8B, 0x02, 0x8E, 0x02, 0x88, 0x02, 0x8D, 0x02, 0x8A, 0x18, 0x7A, 0x16, 0x5B, 0x19, 0xB8, 0x1C, 0xE0, 0x15, 0x17, 0x17, 0x26, 0x15, 0x76, 0x13, 0xC9, 0x1D, 0x79, 0x1A, 0x3D, 0xFF};
static CONST_ALIGINED u8 pinyin_chuang[] = {0x02, 0x90, 0x02, 0x92, 0x02, 0x93, 0x02, 0x94, 0x02, 0x8F, 0x02, 0x91, 0x15, 0x4C, 0x01, 0xF1, 0x02, 0xB1, 0x1C, 0xDC, 0x02, 0xB0, 0xFF};
static CONST_ALIGINED u8 pinyin_chui[] = {0x02, 0x98, 0x02, 0x95, 0x02, 0x99, 0x02, 0x96, 0x02, 0x97, 0x10, 0xE4, 0x17, 0xB8, 0x17, 0xA7, 0x12, 0x45, 0xFF};
static CONST_ALIGINED u8 pinyin_chun[] = {0x02, 0x9A, 0x02, 0x9D, 0x02, 0x9F, 0x02, 0xA0, 0x02, 0x9C, 0x02, 0x9E, 0x02, 0x9B, 0x1C, 0x64, 0x13, 0x34, 0x1A, 0x7A, 0x18, 0x9E, 0x15, 0xA6, 0x18, 0x90, 0x18, 0x08, 0xFF};
static CONST_ALIGINED u8 pinyin_chuo[] = {0x02, 0xA1, 0x02, 0xA2, 0x1D, 0x70, 0x14, 0x44, 0x1D, 0xB2, 0x18, 0x0D, 0x02, 0xB9, 0x19, 0x4C, 0x09, 0xCD, 0x18, 0xF4, 0x02, 0xB8, 0x10, 0xE9, 0x13, 0x10, 0x13, 0x76, 0x1D, 0x5A, 0x1D, 0x7C, 0x02, 0x7B, 0x16, 0x45, 0x0B, 0x29, 0x1A, 0x33, 0xFF};
static CONST_ALIGINED u8 pinyin_ci[] = {0x02, 0xAE, 0x02, 0xAB, 0x02, 0xAA, 0x02, 0xA9, 0x02, 0xA8, 0x02, 0xA6, 0x02, 0xA5, 0x02, 0xA7, 0x02, 0xAC, 0x02, 0xA4, 0x0C, 0x68, 0x02, 0xA3, 0x02, 0xAD, 0x02, 0x12, 0x11, 0x00, 0x14, 0x18, 0x1A, 0x7D, 0x19, 0x25, 0x1D, 0x15, 0x02, 0x02, 0x0C, 0x61, 0x14, 0xC9, 0x02, 0xCB, 0x02, 0x15, 0x11, 0x04, 0x1D, 0x0E, 0x13, 0x06, 0x13, 0x14, 0x1C, 0x31, 0x1C, 0x78, 0x1D, 0x30, 0xFF};
static CONST_ALIGINED u8 pinyin_cong[] = {0x02, 0xB3, 0x02, 0xB4, 0x02, 0xB0, 0x02, 0xB2, 0x02, 0xAF, 0x02, 0xB1, 0x17, 0x46, 0x17, 0x6F, 0x15, 0xE5, 0x17, 0x55, 0x16, 0xD7, 0x12, 0xDC, 0x11, 0xBB, 0x02, 0x90, 0x11, 0x15, 0xFF};
static CONST_ALIGINED u8 pinyin_cou[] = {0x02, 0xB5, 0x17, 0xAD, 0x18, 0x0F, 0x18, 0xB7, 0x11, 0x18, 0x11, 0x19, 0x11, 0x1D, 0x02, 0xB8, 0x13, 0x76, 0x13, 0x8B, 0x0B, 0x19, 0x0B, 0x24, 0xFF};
static CONST_ALIGINED u8 pinyin_cu[] = {0x02, 0xB6, 0x02, 0xB7, 0x02, 0xB8, 0x02, 0xB9, 0x11, 0x1C, 0x14, 0xD8, 0x15, 0x08, 0x13, 0x76, 0x1D, 0x58, 0x1D, 0x3B, 0x17, 0xE8, 0x1D, 0x87, 0x0A, 0xEB, 0x0A, 0x98, 0x16, 0xE7, 0x0B, 0x19, 0x0B, 0x24, 0x02, 0xCD, 0xFF};
static CONST_ALIGINED u8 pinyin_cuan[] = {0x02, 0xBC, 0x02, 0xBA, 0x02, 0xBB, 0x0F, 0xE8, 0x11, 0xCF, 0x19, 0x11, 0x1A, 0x3D, 0x13, 0xDA, 0x18, 0x2B, 0xFF};
static CONST_ALIGINED u8 pinyin_cui[] = {0x02, 0xC4, 0x02, 0xBF, 0x02, 0xC0, 0x02, 0xBD, 0x02, 0xBE, 0x02, 0xC3, 0x0C, 0x48, 0x02, 0xC1, 0x02, 0xC2, 0x17, 0x54, 0x14, 0x3B, 0x15, 0x71, 0x13, 0x46, 0x18, 0x6F, 0x17, 0xC6, 0x0C, 0xE6, 0x02, 0x10, 0x1D, 0xB7, 0xFF};
static CONST_ALIGINED u8 pinyin_cun[] = {0x02, 0xC5, 0x02, 0xC7, 0x02, 0xC6, 0x03, 0x7C, 0x15, 0x43, 0x1A, 0xF5, 0x07, 0xB1, 0xFF};
static CONST_ALIGINED u8 pinyin_cuo[] = {0x02, 0xCD, 0x02, 0xC9, 0x02, 0xCA, 0x02, 0xCC, 0x02, 0xCB, 0x02, 0xC8, 0x14, 0xC9, 0x11, 0x59, 0x1D, 0x54, 0x18, 0xAC, 0x1A, 0xA0, 0x1D, 0x7D, 0x1A, 0xAD, 0x1A, 0x05, 0x1A, 0x47, 0x02, 0xBD, 0x0D, 0xBA, 0x11, 0x26, 0x1D, 0x8C, 0xFF};
static CONST_ALIGINED u8 pinyin_da[] = {0x02, 0xD3, 0x02, 0xD0, 0x02, 0xCF, 0x02, 0xD2, 0x02, 0xCE, 0x02, 0xD1, 0x0C, 0xA1, 0x1C, 0xA3, 0x13, 0x9E, 0x14, 0x13, 0x1A, 0xE7, 0x1A, 0x95, 0x15, 0x53, 0x1E, 0x0F, 0x16, 0x89, 0x19, 0x42, 0x14, 0x46, 0x1E, 0x11, 0x0C, 0x9D, 0x02, 0xE6, 0x03, 0x43, 0xFF};
static CONST_ALIGINED u8 pinyin_dai[] = {0x02, 0xD8, 0x02, 0xDA, 0x02, 0xD4, 0x02, 0xD7, 0x02, 0xDD, 0x02, 0xDC, 0x02, 0xDE, 0x02, 0xD5, 0x02, 0xDB, 0x02, 0xDF, 0x02, 0xD6, 0x02, 0xD3, 0x02, 0xD9, 0x13, 0xF3, 0x17, 0x32, 0x16, 0x4E, 0x14, 0xB1, 0x13, 0xE5, 0x1E, 0x4B, 0x16, 0xC8, 0x16, 0xEA, 0x12, 0xB6, 0x17, 0xAB, 0x03, 0x63, 0x12, 0x07, 0x16, 0x5A, 0x08, 0x78, 0x0D, 0x3C, 0xFF};
static CONST_ALIGINED u8 pinyin_dan[] = {0x02, 0xE9, 0x02, 0xE3, 0x02, 0xEE, 0x02, 0xE1, 0x02, 0xED, 0x02, 0xE5, 0x02, 0xE6, 0x02, 0xEB, 0x02, 0xE2, 0x02, 0xE0, 0x02, 0xE7, 0x02, 0xE8, 0x02, 0xEC, 0x02, 0xE4, 0x02, 0xEA, 0x0B, 0xEB, 0x1A, 0x95, 0x16, 0x27, 0x1A, 0xA9, 0x13, 0x45, 0x17, 0xEE, 0x19, 0x80, 0x1C, 0x0E, 0x1C, 0xC1, 0x18, 0x52, 0x11, 0xC8, 0x14, 0x3E, 0x0B, 0x3D, 0x0C, 0xB4, 0x02, 0x42, 0x15, 0x53, 0x04, 0xDC, 0x17, 0xE1, 0x10, 0x32, 0x0C, 0xB7, 0x16, 0x28, 0x18, 0xC8, 0x0E, 0xBA, 0x18, 0x54, 0x10, 0x25, 0x0B, 0xA2, 0xFF};
static CONST_ALIGINED u8 pinyin_dang[] = {0x02, 0xEF, 0x02, 0xF1, 0x02, 0xF0, 0x02, 0xF3, 0x02, 0xF2, 0x12, 0x2A, 0x19, 0xE2, 0x16, 0x38, 0x13, 0x49, 0x12, 0x7E, 0x1A, 0xD9, 0x19, 0x47, 0x02, 0x23, 0x0C, 0xCD, 0xFF};
static CONST_ALIGINED u8 pinyin_dao[] = {0x03, 0x04, 0x03, 0x07, 0x03, 0x00, 0x02, 0xF4, 0x03, 0x01, 0x03, 0x08, 0x03, 0x05, 0x02, 0xF5, 0x03, 0x06, 0x03, 0x03, 0x02, 0xF6, 0x03, 0x02, 0x14, 0x98, 0x1D, 0x2A, 0x15, 0x42, 0x19, 0x13, 0x18, 0x78, 0x13, 0xEB, 0x11, 0xA0, 0x11, 0x67, 0x0C, 0x21, 0x14, 0x38, 0x19, 0x2E, 0x15, 0x6F, 0x15, 0xC9, 0x0C, 0xCF, 0x0C, 0xD6, 0x09, 0xE7, 0xFF};
static CONST_ALIGINED u8 pinyin_de[] = {0x03, 0x0B, 0x03, 0x1F, 0x03, 0x0A, 0x03, 0x09, 0x03, 0x1E, 0x1A, 0x11, 0x03, 0x0E, 0x12, 0x42, 0xFF};
static CONST_ALIGINED u8 pinyin_dei[] = {0x03, 0x0A, 0xFF};
static CONST_ALIGINED u8 pinyin_deng[] = {0x03, 0x0F, 0x03, 0x0D, 0x03, 0x12, 0x03, 0x0E, 0x02, 0x50, 0x03, 0x10, 0x03, 0x11, 0x03, 0x0C, 0x19, 0x72, 0x1A, 0x3F, 0x14, 0x7E, 0x14, 0xD2, 0x18, 0x19, 0x1C, 0xD6, 0x02, 0x4A, 0xFF};
static CONST_ALIGINED u8 pinyin_di[] = {0x03, 0x1F, 0x03, 0x21, 0x03, 0x1E, 0x03, 0x14, 0x03, 0x17, 0x03, 0x1D, 0x03, 0x15, 0x03, 0x22, 0x03, 0x24, 0x03, 0x1C, 0x03, 0x23, 0x03, 0x25, 0x03, 0x13, 0x03, 0x0B, 0x03, 0x1A, 0x0C, 0xE2, 0x03, 0x18, 0x03, 0x16, 0x03, 0x19, 0x03, 0x1B, 0x03, 0x20, 0x18, 0x57, 0x12, 0x55, 0x12, 0x26, 0x12, 0x04, 0x14, 0x72, 0x17, 0x83, 0x1E, 0x1D, 0x1D, 0x02, 0x11, 0x46, 0x17, 0xAB, 0x19, 0x8A, 0x16, 0x99, 0x13, 0x2F, 0x19, 0x69, 0x1A, 0x35, 0x12, 0x9A, 0x11, 0xD0, 0x19, 0x55, 0x0B, 0xB5, 0x14, 0x50, 0x17, 0x63, 0x0F, 0xC8, 0x18, 0x9F, 0x0B, 0xB4, 0x13, 0x28, 0x0C, 0xE4, 0x10, 0xC1, 0x02, 0xDE, 0x08, 0x78, 0x0C, 0xE3, 0xFF};
static CONST_ALIGINED u8 pinyin_dia[] = {0x14, 0x63, 0xFF};
static CONST_ALIGINED u8 pinyin_dian[] = {0x03, 0x2A, 0x03, 0x2E, 0x03, 0x31, 0x03, 0x35, 0x03, 0x34, 0x03, 0x27, 0x03, 0x26, 0x03, 0x2D, 0x03, 0x29, 0x03, 0x32, 0x03, 0x33, 0x03, 0x2B, 0x03, 0x2F, 0x03, 0x2C, 0x03, 0x28, 0x03, 0x30, 0x1D, 0x74, 0x19, 0xD1, 0x12, 0x97, 0x12, 0x3D, 0x1A, 0xC2, 0x1C, 0xD4, 0x17, 0x31, 0x14, 0xD5, 0x1A, 0xC0, 0x12, 0xB2, 0x09, 0xDF, 0x10, 0x27, 0x0D, 0xF5, 0x1C, 0x48, 0xFF};
static CONST_ALIGINED u8 pinyin_diao[] = {0x03, 0x3B, 0x03, 0x3D, 0x03, 0x37, 0x03, 0x3C, 0x03, 0x38, 0x03, 0x3E, 0x03, 0x3A, 0x03, 0x36, 0x03, 0x39, 0x09, 0xE7, 0x19, 0xE3, 0x19, 0xED, 0x1D, 0xEC, 0x1D, 0x8F, 0x11, 0x9B, 0x11, 0xB2, 0x02, 0xF4, 0x0C, 0xF5, 0x02, 0x6F, 0x1D, 0x0C, 0x02, 0x73, 0x13, 0x28, 0x1C, 0x5F, 0x10, 0x47, 0x0D, 0x02, 0x1D, 0x70, 0x18, 0x05, 0x16, 0xD6, 0xFF};
static CONST_ALIGINED u8 pinyin_die[] = {0x03, 0x40, 0x03, 0x3F, 0x03, 0x45, 0x03, 0x41, 0x03, 0x42, 0x03, 0x43, 0x03, 0x44, 0x18, 0x84, 0x12, 0xB8, 0x1A, 0x5E, 0x13, 0xC0, 0x1D, 0x78, 0x1C, 0x0C, 0x1D, 0xF0, 0x12, 0xA0, 0x14, 0x45, 0x11, 0x8E, 0x0B, 0xC4, 0x15, 0xEA, 0x10, 0xA0, 0x10, 0x92, 0x1A, 0xEE, 0x0C, 0xE0, 0x18, 0x01, 0x1E, 0x02, 0xFF};
static CONST_ALIGINED u8 pinyin_ding[] = {0x03, 0x4A, 0x03, 0x4D, 0x03, 0x47, 0x03, 0x4E, 0x03, 0x48, 0x03, 0x46, 0x03, 0x49, 0x03, 0x4B, 0x03, 0x4C, 0x19, 0x9B, 0x17, 0x29, 0x19, 0xE7, 0x18, 0xB5, 0x19, 0x65, 0x1A, 0x8D, 0x11, 0x7B, 0x1C, 0x0D, 0x1D, 0x36, 0x14, 0x40, 0x03, 0x33, 0x0D, 0x09, 0x03, 0x0D, 0x13, 0x5C, 0xFF};
static CONST_ALIGINED u8 pinyin_diu[] = {0x03, 0x4F, 0x19, 0xE8, 0xFF};
static CONST_ALIGINED u8 pinyin_dong[] = {0x03, 0x54, 0x03, 0x50, 0x03, 0x53, 0x03, 0x59, 0x03, 0x58, 0x03, 0x51, 0x03, 0x52, 0x03, 0x55, 0x03, 0x56, 0x03, 0x57, 0x14, 0xB6, 0x1A, 0x66, 0x12, 0xA1, 0x18, 0x95, 0x18, 0xA2, 0x19, 0x5E, 0x18, 0x7B, 0x14, 0xAE, 0x14, 0x09, 0x0D, 0x11, 0x1A, 0x60, 0x0D, 0x1A, 0x0D, 0x12, 0xFF};
static CONST_ALIGINED u8 pinyin_dou[] = {0x03, 0x61, 0x03, 0x5C, 0x03, 0x5E, 0x03, 0x5F, 0x03, 0x5D, 0x03, 0x5B, 0x03, 0x60, 0x03, 0x5A, 0x03, 0x66, 0x1C, 0x34, 0x1A, 0xCC, 0x1C, 0xD0, 0x13, 0x73, 0x0D, 0x1E, 0x15, 0xDF, 0x1A, 0xCE, 0x0F, 0x90, 0x1D, 0x3C, 0x19, 0xC4, 0xFF};
static CONST_ALIGINED u8 pinyin_du[] = {0x03, 0x66, 0x03, 0x6D, 0x03, 0x63, 0x03, 0x6E, 0x03, 0x67, 0x03, 0x65, 0x03, 0x6C, 0x03, 0x6B, 0x03, 0x69, 0x03, 0x68, 0x03, 0x6A, 0x03, 0x62, 0x03, 0x61, 0x03, 0x64, 0x03, 0x6F, 0x03, 0x7E, 0x1C, 0x91, 0x1C, 0x9B, 0x14, 0x59, 0x15, 0xDF, 0x17, 0xA3, 0x18, 0x83, 0x1E, 0x51, 0x1E, 0x26, 0x12, 0xC8, 0x0D, 0x29, 0x10, 0x1F, 0x17, 0xD7, 0x1C, 0x98, 0x1D, 0x2A, 0x02, 0x13, 0x10, 0x53, 0xFF};
static CONST_ALIGINED u8 pinyin_duan[] = {0x03, 0x73, 0x03, 0x71, 0x03, 0x74, 0x03, 0x70, 0x03, 0x72, 0x03, 0x75, 0x17, 0xB7, 0x19, 0x02, 0x1C, 0xD2, 0x16, 0x6C, 0x1D, 0x79, 0xFF};
static CONST_ALIGINED u8 pinyin_dui[] = {0x03, 0x79, 0x03, 0x78, 0x03, 0x76, 0x03, 0x77, 0x03, 0x7D, 0x1A, 0x3A, 0x19, 0x63, 0x19, 0x30, 0x19, 0x3C, 0x03, 0x86, 0x10, 0xE6, 0x0B, 0x71, 0xFF};
static CONST_ALIGINED u8 pinyin_dun[] = {0x03, 0x7B, 0x03, 0x7E, 0x03, 0x7C, 0x03, 0x7A, 0x03, 0x7D, 0x03, 0x80, 0x03, 0x81, 0x03, 0x7F, 0x03, 0x82, 0x01, 0xD6, 0x1D, 0x55, 0x15, 0xA6, 0x19, 0x7E, 0x1A, 0x3A, 0x19, 0x71, 0x18, 0xE8, 0x19, 0x4A, 0x07, 0xAF, 0x18, 0xAA, 0xFF};
static CONST_ALIGINED u8 pinyin_duo[] = {0x03, 0x85, 0x03, 0x89, 0x03, 0x86, 0x03, 0x8B, 0x03, 0x8C, 0x03, 0x87, 0x03, 0x8A, 0x03, 0x8D, 0x03, 0x8E, 0x03, 0x83, 0x03, 0x84, 0x0D, 0x3C, 0x03, 0x6D, 0x03, 0x88, 0x1D, 0x7C, 0x15, 0xB4, 0x14, 0x0B, 0x19, 0xD9, 0x1A, 0xE6, 0x14, 0x1F, 0x16, 0xF6, 0x03, 0x77, 0x02, 0x97, 0x02, 0x87, 0x0F, 0xDF, 0x17, 0x85, 0x17, 0xA7, 0x15, 0xBA, 0x02, 0xE4, 0x10, 0x53, 0x0D, 0x3B, 0x0C, 0x88, 0xFF};
static CONST_ALIGINED u8 pinyin_e[] = {0x03, 0x9B, 0x0A, 0x13, 0x03, 0x93, 0x03, 0x91, 0x03, 0x8F, 0x03, 0x98, 0x03, 0x92, 0x03, 0x94, 0x01, 0x01, 0x03, 0x99, 0x03, 0x90, 0x03, 0x95, 0x03, 0x96, 0x03, 0x97, 0x03, 0x9A, 0x1A, 0x04, 0x12, 0x22, 0x12, 0x85, 0x1A, 0x1D, 0x15, 0x94, 0x13, 0x59, 0x12, 0xD5, 0x17, 0xF3, 0x16, 0x9B, 0x13, 0x26, 0x1D, 0xF1, 0x1C, 0x1D, 0x18, 0xBB, 0x15, 0x74, 0x13, 0xF5, 0x11, 0x3D, 0x1A, 0x7C, 0x16, 0x71, 0x0E, 0xB0, 0x0D, 0x77, 0x11, 0x97, 0x0E, 0xAF, 0x01, 0x00, 0x14, 0x3B, 0x12, 0x9F, 0x15, 0x37, 0x18, 0x2E, 0x02, 0xD5, 0x19, 0x61, 0x01, 0x16, 0x0F, 0x28, 0x01, 0x0E, 0x11, 0x3B, 0xFF};
static CONST_ALIGINED u8 pinyin_ei[] = {0x12, 0x16, 0xFF};
static CONST_ALIGINED u8 pinyin_en[] = {0x03, 0x9C, 0x13, 0xCB, 0x13, 0x65, 0x14, 0x61, 0xFF};
static CONST_ALIGINED u8 pinyin_er[] = {0x03, 0x9D, 0x03, 0xA3, 0x03, 0x9F, 0x03, 0x9E, 0x03, 0xA1, 0x03, 0xA0, 0x03, 0xA4, 0x03, 0xA2, 0x17, 0x36, 0x1D, 0xD4, 0x1A, 0x6B, 0x11, 0x95, 0x16, 0x4B, 0x19, 0xDC, 0x16, 0x2A, 0xFF};
static CONST_ALIGINED u8 pinyin_fa[] = {0x03, 0xA5, 0x03, 0xAB, 0x03, 0xA6, 0x03, 0xA8, 0x03, 0xA9, 0x03, 0xA7, 0x03, 0xAA, 0x03, 0xAC, 0x12, 0x86, 0x19, 0x4F, 0x01, 0x2D, 0x01, 0xC1, 0x03, 0xBD, 0x01, 0x9E, 0xFF};
static CONST_ALIGINED u8 pinyin_fan[] = {0x03, 0xB7, 0x03, 0xBC, 0x03, 0xB0, 0x03, 0xAF, 0x03, 0xBB, 0x03, 0xB5, 0x03, 0xAE, 0x03, 0xB8, 0x03, 0xBD, 0x03, 0xB4, 0x03, 0xB6, 0x03, 0xBA, 0x03, 0xB9, 0x03, 0xB1, 0x03, 0xAD, 0x03, 0xB2, 0x03, 0xB3, 0x19, 0x0D, 0x13, 0x97, 0x19, 0x9F, 0x13, 0x83, 0x1D, 0x86, 0x17, 0x9A, 0x14, 0xA0, 0x13, 0xAC, 0x1C, 0x89, 0x1A, 0xD8, 0xFF};
static CONST_ALIGINED u8 pinyin_fang[] = {0x03, 0xC8, 0x03, 0xC2, 0x03, 0xC3, 0x03, 0xC7, 0x03, 0xBF, 0x03, 0xC0, 0x03, 0xC6, 0x03, 0xC5, 0x03, 0xBE, 0x03, 0xC4, 0x03, 0xC1, 0x19, 0xC2, 0x14, 0xD7, 0x12, 0x50, 0x17, 0x71, 0x1C, 0xE6, 0x1D, 0xC8, 0x11, 0x5F, 0xFF};
static CONST_ALIGINED u8 pinyin_fei[] = {0x03, 0xD2, 0x03, 0xCA, 0x03, 0xCC, 0x03, 0xCD, 0x03, 0xD4, 0x03, 0xD1, 0x03, 0xCE, 0x03, 0xD0, 0x03, 0xD3, 0x03, 0xC9, 0x03, 0xCF, 0x03, 0xCB, 0x1C, 0xCA, 0x1C, 0x5A, 0x18, 0xB2, 0x19, 0x1A, 0x16, 0x7E, 0x18, 0xDB, 0x14, 0xEE, 0x12, 0xD2, 0x15, 0x6C, 0x1A, 0x24, 0x1D, 0xA5, 0x1D, 0x20, 0x17, 0xC1, 0x15, 0xE4, 0x1D, 0xE6, 0x16, 0xF3, 0x1A, 0xA4, 0x15, 0x57, 0x04, 0x03, 0x19, 0x58, 0x19, 0x21, 0x16, 0xE8, 0x12, 0xEA, 0x0A, 0x3E, 0xFF};
static CONST_ALIGINED u8 pinyin_fen[] = {0x03, 0xD9, 0x03, 0xE0, 0x03, 0xD5, 0x03, 0xDE, 0x03, 0xDB, 0x03, 0xDF, 0x03, 0xE2, 0x03, 0xDA, 0x03, 0xE1, 0x03, 0xE3, 0x03, 0xD6, 0x03, 0xDC, 0x03, 0xD7, 0x03, 0xD8, 0x03, 0xDD, 0x17, 0xA2, 0x16, 0x33, 0x1D, 0xEF, 0x17, 0x2C, 0x11, 0xB6, 0x1E, 0x56, 0x03, 0xCE, 0x0A, 0x44, 0x01, 0x79, 0x19, 0x39, 0x01, 0x46, 0x13, 0xAC, 0x19, 0x0D, 0x0A, 0x2B, 0x18, 0x46, 0x01, 0x43, 0xFF};
static CONST_ALIGINED u8 pinyin_feng[] = {0x03, 0xE9, 0x03, 0xEA, 0x03, 0xE5, 0x03, 0xED, 0x03, 0xEF, 0x03, 0xE7, 0x03, 0xE4, 0x03, 0xE6, 0x03, 0xEB, 0x03, 0xEE, 0x03, 0xF1, 0x03, 0xF0, 0x03, 0xF2, 0x03, 0xE8, 0x03, 0xEC, 0x19, 0x4E, 0x11, 0xA9, 0x12, 0x6E, 0x13, 0x50, 0x15, 0xA2, 0x14, 0x32, 0x0A, 0x52, 0x03, 0xBD, 0x01, 0x55, 0x16, 0x50, 0x0A, 0x51, 0xFF};
static CONST_ALIGINED u8 pinyin_fo[] = {0x03, 0xF3, 0xFF};
static CONST_ALIGINED u8 pinyin_fou[] = {0x03, 0xF4, 0x1C, 0x93, 0x01, 0xD6, 0xFF};
static CONST_ALIGINED u8 pinyin_fu[] = {0x04, 0x1B, 0x04, 0x05, 0x04, 0x02, 0x04, 0x0B, 0x04, 0x25, 0x04, 0x0D, 0x04, 0x24, 0x04, 0x08, 0x04, 0x20, 0x04, 0x1E, 0x04, 0x0A, 0x04, 0x27, 0x04, 0x13, 0x04, 0x15, 0x04, 0x1A, 0x04, 0x29, 0x04, 0x03, 0x03, 0xF5, 0x04, 0x22, 0x04, 0x07, 0x04, 0x01, 0x03, 0xF6, 0x04, 0x1D, 0x04, 0x12, 0x04, 0x18, 0x04, 0x19, 0x04, 0x23, 0x04, 0x28, 0x04, 0x11, 0x04, 0x1C, 0x04, 0x04, 0x04, 0x00, 0x04, 0x06, 0x03, 0xF3, 0x04, 0x09, 0x04, 0x1F, 0x04, 0x26, 0x04, 0x0F, 0x04, 0x0C, 0x04, 0x0E, 0x0C, 0x15, 0x04, 0x10, 0x04, 0x14, 0x04, 0x16, 0x04, 0x17, 0x04, 0x21, 0x04, 0x2A, 0x19, 0x7A, 0x19, 0x58, 0x12, 0xF0, 0x1D, 0x5D, 0x1D, 0x60, 0x1C, 0x2D, 0x12, 0xD2, 0x1D, 0xCE, 0x14, 0x9F, 0x13, 0x0D, 0x16, 0x0C, 0x1C, 0x54, 0x13, 0xAB, 0x13, 0x43, 0x1C, 0x67, 0x1D, 0xF3, 0x1C, 0x6A, 0x16, 0xE6, 0x16, 0xE8, 0x18, 0x53, 0x19, 0xA4, 0x1A, 0x4F, 0x11, 0xDA, 0x1D, 0x2B, 0x11, 0xDB, 0x17, 0x9C, 0x13, 0x2C, 0x16, 0xBC, 0x1A, 0x57, 0x16, 0xC4, 0x15, 0x57, 0x19, 0x21, 0x13, 0xF0, 0x12, 0x62, 0x12, 0xCF, 0x16, 0x79, 0x19, 0x79, 0x01, 0xD6, 0x07, 0x48, 0x01, 0x5B, 0x13, 0xF1, 0x01, 0xD3, 0x16, 0x39, 0x14, 0xD6, 0x05, 0x40, 0x13, 0xBC, 0x03, 0xD3, 0x16, 0x05, 0x0A, 0x89, 0x03, 0xD4, 0x05, 0x46, 0x1A, 0x16, 0x12, 0x38, 0x1E, 0x18, 0xFF};
static CONST_ALIGINED u8 pinyin_ga[] = {0x04, 0x2B, 0x04, 0x56, 0x05, 0xBB, 0x04, 0x2C, 0x07, 0xB5, 0x10, 0x13, 0x19, 0xB2, 0x11, 0x93, 0x18, 0x24, 0x13, 0xA5, 0x16, 0xBA, 0x16, 0xBB, 0x14, 0x06, 0xFF};
static CONST_ALIGINED u8 pinyin_gai[] = {0x11, 0x35, 0x04, 0x2D, 0x04, 0x2E, 0x04, 0x31, 0x04, 0x2F, 0x04, 0x30, 0x07, 0x38, 0x04, 0x32, 0x18, 0x1A, 0x12, 0xA6, 0x12, 0x41, 0x18, 0x4C, 0x07, 0xD6, 0x04, 0xF1, 0x0A, 0xB6, 0x18, 0xA6, 0x05, 0x01, 0x04, 0xC7, 0xFF};
static CONST_ALIGINED u8 pinyin_gan[] = {0x04, 0x39, 0x04, 0x33, 0x04, 0x3A, 0x04, 0x3C, 0x04, 0x37, 0x04, 0x34, 0x04, 0x38, 0x04, 0x36, 0x04, 0x35, 0x04, 0x3D, 0x04, 0x3B, 0x18, 0x26, 0x1D, 0x37, 0x19, 0x46, 0x1A, 0x93, 0x15, 0xAE, 0x12, 0xE7, 0x13, 0xDB, 0x16, 0xE4, 0x17, 0xD4, 0x16, 0x1D, 0x15, 0xE3, 0x13, 0xA6, 0x12, 0x95, 0x04, 0x60, 0x0A, 0xC5, 0x05, 0xD4, 0x04, 0xDA, 0x04, 0xDF, 0xFF};
static CONST_ALIGINED u8 pinyin_gang[] = {0x04, 0x3F, 0x04, 0x40, 0x04, 0x43, 0x04, 0x45, 0x04, 0x41, 0x04, 0x44, 0x04, 0x46, 0x04, 0x3E, 0x04, 0x42, 0x07, 0xC6, 0x1C, 0xB5, 0x19, 0xA5, 0x19, 0x3F, 0x07, 0xC8, 0x11, 0x89, 0x07, 0xC7, 0x01, 0x18, 0x1C, 0x17, 0xFF};
static CONST_ALIGINED u8 pinyin_gao[] = {0x04, 0x49, 0x04, 0x4D, 0x04, 0x50, 0x04, 0x4F, 0x04, 0x4A, 0x04, 0x47, 0x04, 0x4B, 0x04, 0x4C, 0x04, 0x4E, 0x04, 0x48, 0x12, 0x60, 0x12, 0x14, 0x18, 0x29, 0x17, 0x12, 0x11, 0x4B, 0x17, 0xC5, 0x1A, 0x03, 0x17, 0xC7, 0x13, 0x92, 0x07, 0x7C, 0x04, 0xEC, 0x13, 0x68, 0xFF};
static CONST_ALIGINED u8 pinyin_ge[] = {0x04, 0x60, 0x04, 0x61, 0x04, 0x52, 0x04, 0x58, 0x04, 0x51, 0x04, 0x53, 0x04, 0x5B, 0x04, 0x5D, 0x04, 0x5E, 0x04, 0x59, 0x07, 0xB7, 0x04, 0x56, 0x04, 0x5A, 0x04, 0x5C, 0x04, 0x54, 0x04, 0x55, 0x04, 0x57, 0x04, 0x31, 0x0F, 0x29, 0x04, 0xF5, 0x04, 0x5F, 0x19, 0x60, 0x1E, 0x1F, 0x1C, 0x19, 0x1A, 0xDB, 0x12, 0xBC, 0x1C, 0x2B, 0x12, 0x8D, 0x1A, 0x27, 0x11, 0x7F, 0x1C, 0xE7, 0x11, 0x3B, 0x14, 0x5F, 0x18, 0xBF, 0x18, 0x6B, 0x16, 0xDE, 0x12, 0x75, 0x07, 0x3B, 0x07, 0xD7, 0x04, 0x2B, 0x04, 0xEC, 0x19, 0x4F, 0x04, 0xF0, 0x05, 0xC3, 0x19, 0xEB, 0x10, 0x15, 0x1E, 0x23, 0xFF};
static CONST_ALIGINED u8 pinyin_gei[] = {0x04, 0x62, 0xFF};
static CONST_ALIGINED u8 pinyin_gen[] = {0x04, 0x64, 0x04, 0x63, 0x14, 0x25, 0x13, 0x1B, 0x11, 0x39, 0x1D, 0x1A, 0x05, 0x0A, 0xFF};
static CONST_ALIGINED u8 pinyin_geng[] = {0x04, 0x66, 0x04, 0x65, 0x07, 0x61, 0x04, 0x6B, 0x04, 0x6A, 0x04, 0x67, 0x04, 0x68, 0x04, 0x69, 0x15, 0x3A, 0x1D, 0xD9, 0x14, 0x2A, 0x16, 0xEE, 0x07, 0xC8, 0x0F, 0x60, 0x0E, 0x5A, 0xFF};
static CONST_ALIGINED u8 pinyin_gong[] = {0x04, 0x75, 0x04, 0x6C, 0x04, 0x73, 0x04, 0x6E, 0x04, 0x7A, 0x04, 0x6D, 0x04, 0x74, 0x04, 0x71, 0x04, 0x6F, 0x04, 0x78, 0x04, 0x79, 0x04, 0x72, 0x04, 0x76, 0x04, 0x77, 0x04, 0x70, 0x05, 0x1B, 0x18, 0x8F, 0x1D, 0x99, 0x17, 0x37, 0x1C, 0x33, 0x14, 0x19, 0x13, 0x9A, 0x04, 0x46, 0x05, 0x16, 0x1C, 0x42, 0x04, 0x3D, 0xFF};
static CONST_ALIGINED u8 pinyin_gou[] = {0x04, 0x83, 0x04, 0x7D, 0x04, 0x7F, 0x04, 0x7B, 0x04, 0x7C, 0x04, 0x82, 0x04, 0x81, 0x04, 0x7E, 0x04, 0x80, 0x07, 0x94, 0x14, 0xB2, 0x18, 0xD8, 0x17, 0x82, 0x1E, 0x17, 0x18, 0x59, 0x17, 0x0C, 0x1C, 0xA6, 0x12, 0x0E, 0x16, 0x60, 0x16, 0xA7, 0x1C, 0xC9, 0x11, 0x8F, 0x0B, 0x1A, 0x07, 0x80, 0x1A, 0x68, 0xFF};
static CONST_ALIGINED u8 pinyin_gu[] = {0x04, 0x8D, 0x04, 0x91, 0x04, 0x8C, 0x04, 0x90, 0x04, 0x92, 0x04, 0x8A, 0x04, 0x87, 0x04, 0x8B, 0x04, 0x93, 0x04, 0x94, 0x04, 0x95, 0x04, 0x88, 0x04, 0x86, 0x04, 0x8F, 0x04, 0x84, 0x04, 0x89, 0x04, 0x8E, 0x05, 0xC1, 0x04, 0x85, 0x17, 0x9B, 0x1A, 0x65, 0x15, 0xA8, 0x17, 0xF4, 0x14, 0xBE, 0x13, 0x4D, 0x1A, 0x72, 0x1E, 0x1C, 0x19, 0xC9, 0x18, 0xC5, 0x1D, 0x3A, 0x14, 0x07, 0x1D, 0xE9, 0x12, 0x02, 0x18, 0x60, 0x19, 0x9A, 0x18, 0xD9, 0x1A, 0x14, 0x18, 0x62, 0x1A, 0xA5, 0x1D, 0x97, 0x1C, 0x38, 0x19, 0xA6, 0x11, 0x56, 0x04, 0x50, 0x14, 0x1D, 0x07, 0xEB, 0x05, 0x39, 0x1A, 0x5F, 0x04, 0x48, 0x18, 0x9C, 0x07, 0xEE, 0x07, 0x19, 0x1E, 0x1A, 0xFF};
static CONST_ALIGINED u8 pinyin_gua[] = {0x04, 0x9A, 0x04, 0x96, 0x04, 0x97, 0x04, 0x99, 0x04, 0x98, 0x04, 0x9B, 0x11, 0x65, 0x14, 0x07, 0x18, 0x9C, 0x1A, 0x6D, 0x17, 0x90, 0x12, 0x0A, 0x15, 0x76, 0x0B, 0xBE, 0xFF};
static CONST_ALIGINED u8 pinyin_guai[] = {0x04, 0x9E, 0x04, 0x9D, 0x04, 0x9C, 0x13, 0xB9, 0x14, 0x1E, 0xFF};
static CONST_ALIGINED u8 pinyin_guan[] = {0x04, 0xA9, 0x04, 0xA0, 0x04, 0xA4, 0x04, 0xA1, 0x04, 0xA3, 0x04, 0xA5, 0x04, 0xA7, 0x04, 0xA6, 0x04, 0xA8, 0x04, 0xA2, 0x04, 0x9F, 0x09, 0x14, 0x19, 0xAF, 0x1A, 0xF6, 0x13, 0x31, 0x13, 0xBF, 0x15, 0xE7, 0x1E, 0x03, 0x1A, 0x8B, 0x11, 0xB3, 0x02, 0x8E, 0x0D, 0x99, 0x04, 0xC3, 0x17, 0x8D, 0x09, 0x13, 0x13, 0x4A, 0xFF};
static CONST_ALIGINED u8 pinyin_guang[] = {0x04, 0xAA, 0x04, 0xAB, 0x04, 0xAC, 0x17, 0x8D, 0x14, 0xE8, 0x14, 0x19, 0x18, 0xA1, 0x05, 0x5D, 0x08, 0x1E, 0x05, 0x10, 0x16, 0x10, 0xFF};
static CONST_ALIGINED u8 pinyin_gui[] = {0x04, 0xB1, 0x04, 0xBB, 0x04, 0xB5, 0x04, 0xBA, 0x04, 0xB4, 0x04, 0xAE, 0x04, 0xB0, 0x04, 0xB8, 0x04, 0xB9, 0x04, 0xB2, 0x04, 0xB6, 0x04, 0xB3, 0x04, 0xAD, 0x04, 0xAF, 0x04, 0xBC, 0x08, 0x15, 0x04, 0xB7, 0x0B, 0x32, 0x15, 0x32, 0x16, 0x37, 0x17, 0x94, 0x11, 0x6C, 0x1E, 0x0B, 0x1D, 0xD1, 0x1A, 0x59, 0x11, 0x61, 0x16, 0x85, 0x18, 0x3C, 0x1C, 0xD3, 0x18, 0x2D, 0x0D, 0x77, 0x11, 0x62, 0x0D, 0x43, 0x0D, 0x46, 0x0D, 0x6C, 0x04, 0x2F, 0x15, 0xAC, 0x0D, 0x45, 0x0A, 0xA8, 0x05, 0x73, 0x1D, 0x95, 0x1D, 0x84, 0x12, 0x49, 0xFF};
static CONST_ALIGINED u8 pinyin_gun[] = {0x04, 0xBE, 0x04, 0xBF, 0x04, 0xBD, 0x1D, 0xDF, 0x11, 0xE1, 0x19, 0x6D, 0x16, 0xF5, 0x11, 0x3E, 0x05, 0x78, 0x05, 0x79, 0x1A, 0x13, 0x1E, 0x03, 0xFF};
static CONST_ALIGINED u8 pinyin_guo[] = {0x04, 0xC5, 0x04, 0xC2, 0x04, 0xC3, 0x04, 0xC4, 0x04, 0xC0, 0x04, 0xC1, 0x0D, 0x96, 0x12, 0xAA, 0x17, 0xA9, 0x1C, 0x11, 0x11, 0xD4, 0x15, 0x04, 0x14, 0xC0, 0x13, 0xB9, 0x14, 0x9A, 0x14, 0x01, 0x18, 0x87, 0x1C, 0x5B, 0x1C, 0x5C, 0x05, 0x3B, 0x05, 0x30, 0x14, 0x89, 0x02, 0xCA, 0x17, 0x82, 0x05, 0x7B, 0x1C, 0x59, 0x11, 0xE8, 0x1A, 0x12, 0xFF};
static CONST_ALIGINED u8 pinyin_ha[] = {0x04, 0xC6, 0x04, 0x5C, 0x0D, 0xDE, 0x19, 0xEB, 0x0D, 0xE9, 0x04, 0xED, 0x15, 0x14, 0xFF};
static CONST_ALIGINED u8 pinyin_hai[] = {0x05, 0x46, 0x04, 0xC9, 0x04, 0xCC, 0x07, 0xD6, 0x04, 0xCA, 0x04, 0xC8, 0x04, 0xCD, 0x04, 0xC7, 0x04, 0xCB, 0x14, 0x67, 0x1D, 0x4A, 0x18, 0xA6, 0x14, 0x12, 0x05, 0x01, 0x1C, 0x1B, 0xFF};
static CONST_ALIGINED u8 pinyin_han[] = {0x04, 0xD6, 0x04, 0xD2, 0x04, 0xDF, 0x04, 0xD4, 0x04, 0xE0, 0x04, 0xDB, 0x04, 0xCE, 0x04, 0xD1, 0x04, 0xDE, 0x04, 0xD3, 0x04, 0xD5, 0x04, 0xCF, 0x04, 0xD8, 0x04, 0xD7, 0x04, 0xD9, 0x04, 0xDA, 0x04, 0xDC, 0x04, 0xDD, 0x04, 0xD0, 0x12, 0x4B, 0x13, 0x4E, 0x13, 0xD5, 0x16, 0x2F, 0x15, 0x9A, 0x1C, 0x15, 0x1C, 0x37, 0x18, 0xF2, 0x1C, 0x1C, 0x18, 0x3B, 0x1E, 0x5C, 0x02, 0x29, 0x0A, 0xCF, 0x04, 0x3A, 0x18, 0x26, 0x15, 0xAE, 0x15, 0xE3, 0x0C, 0xB3, 0x16, 0x1D, 0x04, 0x34, 0x19, 0x46, 0x0E, 0x84, 0x19, 0xC1, 0xFF};
static CONST_ALIGINED u8 pinyin_hang[] = {0x0E, 0x5B, 0x0E, 0x1C, 0x04, 0xE3, 0x04, 0xE1, 0x04, 0xE2, 0x07, 0xE2, 0x1C, 0x17, 0x15, 0xAB, 0x16, 0xEC, 0x17, 0x3A, 0x17, 0x93, 0x07, 0xC9, 0x08, 0x3C, 0x01, 0x18, 0x1D, 0x37, 0xFF};
static CONST_ALIGINED u8 pinyin_hao[] = {0x04, 0xE9, 0x04, 0xEB, 0x04, 0xEC, 0x04, 0xE5, 0x04, 0xE4, 0x04, 0xE8, 0x04, 0xE7, 0x04, 0xE6, 0x04, 0xEA, 0x05, 0x00, 0x04, 0x4E, 0x18, 0x27, 0x1C, 0x22, 0x16, 0x34, 0x14, 0x7F, 0x1C, 0x31, 0x14, 0x62, 0x1A, 0x5B, 0x13, 0x68, 0x16, 0x2D, 0x13, 0x8D, 0x05, 0x30, 0x16, 0x86, 0x04, 0x48, 0x11, 0x4B, 0xFF};
static CONST_ALIGINED u8 pinyin_he[] = {0x04, 0xF3, 0x04, 0xEE, 0x04, 0xF5, 0x05, 0x02, 0x04, 0xF2, 0x04, 0xF1, 0x04, 0xF4, 0x04, 0xED, 0x04, 0xEF, 0x05, 0x07, 0x05, 0x04, 0x05, 0x05, 0x04, 0xF6, 0x05, 0x06, 0x04, 0xF0, 0x05, 0x00, 0x05, 0x01, 0x05, 0x03, 0x0D, 0xE9, 0x14, 0x5C, 0x12, 0x74, 0x19, 0xAE, 0x1D, 0x23, 0x15, 0x97, 0x1C, 0x19, 0x12, 0x8A, 0x12, 0x03, 0x16, 0xDE, 0x18, 0x2E, 0x14, 0x01, 0x05, 0x23, 0x04, 0xC6, 0x14, 0x5A, 0x04, 0xCC, 0x07, 0x24, 0x04, 0x5B, 0x0A, 0xBB, 0x07, 0xD8, 0x04, 0xB0, 0x07, 0x1B, 0x07, 0xCF, 0x13, 0x94, 0x1C, 0x39, 0x0E, 0x36, 0x18, 0x09, 0x0D, 0xE1, 0x15, 0x91, 0x05, 0x81, 0x1A, 0x72, 0xFF};
static CONST_ALIGINED u8 pinyin_hei[] = {0x05, 0x09, 0x05, 0x08, 0x14, 0x67, 0xFF};
static CONST_ALIGINED u8 pinyin_hen[] = {0x05, 0x0B, 0x05, 0x0C, 0x05, 0x0D, 0x05, 0x0A, 0x14, 0x25, 0x0D, 0xEA, 0x1D, 0x1A, 0xFF};
static CONST_ALIGINED u8 pinyin_heng[] = {0x05, 0x12, 0x05, 0x10, 0x05, 0x0E, 0x05, 0x11, 0x05, 0x0F, 0x0E, 0x5B, 0x17, 0x93, 0x17, 0x3A, 0x13, 0x96, 0x11, 0xD9, 0xFF};
static CONST_ALIGINED u8 pinyin_hong[] = {0x05, 0x1B, 0x05, 0x13, 0x05, 0x14, 0x05, 0x16, 0x05, 0x18, 0x05, 0x19, 0x05, 0x15, 0x05, 0x17, 0x05, 0x1A, 0x11, 0xF4, 0x11, 0xD9, 0x13, 0x85, 0x15, 0x87, 0x13, 0x87, 0x11, 0xD3, 0x13, 0x1F, 0x15, 0xBB, 0x0D, 0x5C, 0x04, 0x45, 0xFF};
static CONST_ALIGINED u8 pinyin_hou[] = {0x05, 0x22, 0x05, 0x20, 0x05, 0x1F, 0x05, 0x1C, 0x05, 0x1D, 0x05, 0x21, 0x05, 0x1E, 0x1D, 0xCF, 0x1C, 0xC8, 0x12, 0xBB, 0x14, 0xDB, 0x16, 0x4F, 0x1D, 0x13, 0x1E, 0x1E, 0x1A, 0xAC, 0x12, 0x0E, 0xFF};
static CONST_ALIGINED u8 pinyin_hu[] = {0x05, 0x2D, 0x05, 0x34, 0x05, 0x23, 0x05, 0x2F, 0x05, 0x27, 0x05, 0x32, 0x05, 0x29, 0x05, 0x31, 0x05, 0x2C, 0x05, 0x2E, 0x05, 0x25, 0x05, 0x2B, 0x05, 0x2A, 0x05, 0x28, 0x05, 0x33, 0x05, 0x24, 0x0D, 0xDB, 0x04, 0xF1, 0x04, 0xF3, 0x05, 0x26, 0x05, 0x30, 0x1A, 0x7B, 0x11, 0xEB, 0x15, 0x50, 0x1A, 0x89, 0x1C, 0xA0, 0x19, 0x17, 0x19, 0x19, 0x1E, 0x1C, 0x15, 0xCD, 0x19, 0x20, 0x1D, 0x47, 0x17, 0x43, 0x14, 0x8D, 0x18, 0xEB, 0x18, 0x03, 0x1A, 0x5F, 0x18, 0xF6, 0x1D, 0x94, 0x1A, 0x72, 0x15, 0x0A, 0x15, 0x70, 0x14, 0xAC, 0x16, 0x15, 0x18, 0xDA, 0x14, 0x3A, 0x17, 0xD3, 0x15, 0xA8, 0x0F, 0x9E, 0x18, 0x9C, 0x08, 0xDC, 0x12, 0xDE, 0x07, 0xEE, 0x1C, 0x25, 0x0E, 0x78, 0x19, 0xC9, 0x04, 0x95, 0xFF};
static CONST_ALIGINED u8 pinyin_hua[] = {0x05, 0x3D, 0x05, 0x35, 0x05, 0x3C, 0x05, 0x3A, 0x05, 0x37, 0x05, 0x3B, 0x05, 0x39, 0x05, 0x36, 0x05, 0x38, 0x05, 0x7A, 0x19, 0xE9, 0x17, 0x92, 0x16, 0xCA, 0x19, 0x48, 0x11, 0x97, 0x11, 0x76, 0x0D, 0x43, 0x0E, 0x90, 0x10, 0x45, 0x03, 0x17, 0x15, 0xC8, 0x1A, 0x51, 0x1D, 0xD1, 0xFF};
static CONST_ALIGINED u8 pinyin_huai[] = {0x05, 0x42, 0x05, 0x40, 0x05, 0x41, 0x05, 0x3E, 0x05, 0x3F, 0x05, 0x3B, 0x1D, 0x71, 0x14, 0x4C, 0x12, 0x8E, 0x0A, 0x54, 0xFF};
static CONST_ALIGINED u8 pinyin_huan[] = {0x05, 0x48, 0x05, 0x46, 0x05, 0x4A, 0x05, 0x44, 0x05, 0x49, 0x05, 0x47, 0x05, 0x43, 0x05, 0x50, 0x05, 0x4F, 0x05, 0x4E, 0x05, 0x4D, 0x05, 0x4C, 0x05, 0x45, 0x05, 0x4B, 0x16, 0x17, 0x15, 0x16, 0x13, 0xDC, 0x16, 0x59, 0x1D, 0xE1, 0x12, 0x5C, 0x1E, 0x3E, 0x16, 0x42, 0x12, 0x70, 0x1A, 0x20, 0x14, 0x93, 0x15, 0xBE, 0x13, 0x41, 0x17, 0x22, 0x15, 0xDA, 0x12, 0xAD, 0x0F, 0xBA, 0x04, 0xA8, 0x17, 0x4C, 0x0D, 0x56, 0x0E, 0x8C, 0x18, 0xAE, 0x1A, 0x8B, 0xFF};
static CONST_ALIGINED u8 pinyin_huang[] = {0x05, 0x56, 0x05, 0x53, 0x05, 0x52, 0x05, 0x5B, 0x05, 0x51, 0x05, 0x58, 0x05, 0x57, 0x05, 0x5E, 0x05, 0x59, 0x05, 0x55, 0x05, 0x54, 0x05, 0x5D, 0x05, 0x5A, 0x05, 0x5C, 0x12, 0x48, 0x18, 0x8B, 0x16, 0x10, 0x1C, 0xC7, 0x14, 0xDF, 0x1D, 0xF4, 0x16, 0x5C, 0x1A, 0xB5, 0x15, 0xEF, 0x1C, 0x7D, 0x17, 0x52, 0x09, 0x3A, 0x09, 0x3B, 0xFF};
static CONST_ALIGINED u8 pinyin_hui[] = {0x05, 0x6A, 0x05, 0x65, 0x05, 0x6E, 0x05, 0x5F, 0x05, 0x73, 0x05, 0x60, 0x05, 0x70, 0x05, 0x61, 0x05, 0x66, 0x05, 0x67, 0x05, 0x6B, 0x05, 0x62, 0x05, 0x63, 0x05, 0x6D, 0x05, 0x68, 0x05, 0x6C, 0x05, 0x64, 0x05, 0x71, 0x05, 0x3F, 0x05, 0x69, 0x05, 0x6F, 0x05, 0x72, 0x16, 0x6B, 0x15, 0xC8, 0x17, 0x3E, 0x13, 0x7C, 0x14, 0x55, 0x19, 0x32, 0x14, 0x1A, 0x18, 0x39, 0x15, 0x83, 0x1E, 0x41, 0x12, 0x0C, 0x1C, 0x88, 0x13, 0x09, 0x15, 0xC4, 0x14, 0x12, 0x1C, 0x2A, 0x13, 0x11, 0x17, 0x09, 0x03, 0x8E, 0x17, 0x94, 0x05, 0x4E, 0x1A, 0x5B, 0x19, 0x84, 0x19, 0x8E, 0x02, 0x68, 0x0D, 0x6B, 0x0D, 0x6A, 0xFF};
static CONST_ALIGINED u8 pinyin_hun[] = {0x05, 0x79, 0x05, 0x75, 0x05, 0x74, 0x05, 0x78, 0x05, 0x76, 0x05, 0x77, 0x15, 0x93, 0x17, 0x3E, 0x15, 0x27, 0x16, 0x09, 0x12, 0x11, 0x05, 0x60, 0x08, 0x1B, 0x08, 0x1A, 0x04, 0xBF, 0x16, 0xF5, 0x17, 0x0E, 0xFF};
static CONST_ALIGINED u8 pinyin_huo[] = {0x05, 0x7F, 0x05, 0x7B, 0x05, 0x7D, 0x05, 0x7C, 0x05, 0x82, 0x04, 0xF3, 0x05, 0x7E, 0x05, 0x83, 0x05, 0x7A, 0x05, 0x81, 0x05, 0x80, 0x14, 0x87, 0x1A, 0x40, 0x1C, 0x04, 0x11, 0x76, 0x13, 0x94, 0x13, 0xE0, 0x1A, 0x15, 0x1C, 0x8B, 0x19, 0xC5, 0x15, 0x18, 0x05, 0x3C, 0x01, 0x46, 0x19, 0x12, 0x1A, 0x5F, 0x0F, 0xC9, 0xFF};
static CONST_ALIGINED u8 pinyin_ji[] = {0x05, 0xA3, 0x05, 0x9B, 0x05, 0x9C, 0x05, 0xB3, 0x05, 0x9F, 0x05, 0x87, 0x05, 0x91, 0x05, 0x8A, 0x05, 0xB2, 0x05, 0xA1, 0x05, 0x96, 0x05, 0xB1, 0x05, 0xA2, 0x05, 0xA5, 0x05, 0xA9, 0x05, 0xAF, 0x05, 0xB8, 0x0D, 0xD9, 0x05, 0x86, 0x05, 0x8F, 0x05, 0x95, 0x05, 0xA4, 0x05, 0xB5, 0x05, 0x9E, 0x05, 0x8C, 0x05, 0xA0, 0x05, 0x92, 0x05, 0x93, 0x05, 0x94, 0x05, 0x8D, 0x05, 0x8E, 0x05, 0x97, 0x05, 0xA6, 0x05, 0xA7, 0x05, 0xA8, 0x05, 0x98, 0x05, 0xAA, 0x05, 0xAB, 0x05, 0xAC, 0x05, 0xAD, 0x05, 0xAE, 0x05, 0x99, 0x05, 0xB0, 0x0A, 0x95, 0x0A, 0x9F, 0x0A, 0xA1, 0x05, 0xB4, 0x0A, 0xA6, 0x05, 0xB6, 0x05, 0xB7, 0x05, 0x9A, 0x04, 0x62, 0x04, 0x59, 0x05, 0x84, 0x05, 0x85, 0x05, 0x8B, 0x05, 0x90, 0x05, 0x88, 0x05, 0x89, 0x05, 0x9D, 0x12, 0x88, 0x15, 0xC6, 0x1D, 0xD5, 0x16, 0x70, 0x18, 0xDC, 0x18, 0x16, 0x1D, 0xE2, 0x1A, 0x4E, 0x19, 0x45, 0x1A, 0x54, 0x18, 0x17, 0x1C, 0x28, 0x12, 0x0B, 0x1C, 0x9A, 0x1D, 0x1B, 0x1C, 0x9C, 0x11, 0x6F, 0x13, 0xE9, 0x13, 0x69, 0x1D, 0x6C, 0x14, 0xCF, 0x13, 0xB8, 0x1D, 0x6F, 0x1D, 0xA3, 0x14, 0x31, 0x17, 0x25, 0x13, 0x14, 0x1A, 0xB4, 0x17, 0x2A, 0x19, 0xAC, 0x11, 0x33, 0x11, 0xB9, 0x12, 0xCA, 0x11, 0x94, 0x18, 0x51, 0x17, 0xB3, 0x1E, 0x38, 0x14, 0x10, 0x13, 0x81, 0x18, 0x55, 0x1E, 0x43, 0x16, 0xD9, 0x17, 0xEF, 0x14, 0xA1, 0x11, 0x4E, 0x18, 0x63, 0x11, 0x51, 0x12, 0xD3, 0x14, 0x20, 0x0F, 0x20, 0x13, 0xE7, 0x11, 0x59, 0x07, 0x83, 0x16, 0x6A, 0x0F, 0x0E, 0x0A, 0xA0, 0x07, 0x32, 0x15, 0x03, 0x02, 0xA3, 0x1A, 0xB9, 0x19, 0x92, 0x1D, 0xBC, 0x07, 0x27, 0x1D, 0x0E, 0x07, 0x33, 0x11, 0xE4, 0x13, 0x36, 0x13, 0x84, 0x07, 0x37, 0x08, 0x24, 0x18, 0x54, 0x18, 0x57, 0x11, 0xF3, 0x12, 0x58, 0x04, 0x5E, 0x0A, 0xAA, 0xFF};
static CONST_ALIGINED u8 pinyin_jia[] = {0x05, 0xBD, 0x05, 0xBE, 0x05, 0xC4, 0x05, 0xC6, 0x05, 0xC7, 0x05, 0xC2, 0x05, 0xBC, 0x05, 0xBB, 0x05, 0xB9, 0x05, 0xC8, 0x05, 0xC9, 0x05, 0xBA, 0x05, 0xBF, 0x05, 0xC0, 0x05, 0xC3, 0x05, 0xC5, 0x0A, 0xEA, 0x05, 0xC1, 0x19, 0xDF, 0x13, 0x60, 0x16, 0x4C, 0x18, 0x15, 0x15, 0xC1, 0x1A, 0x2C, 0x1A, 0x9A, 0x19, 0x31, 0x14, 0xAF, 0x1D, 0x64, 0x11, 0x56, 0x11, 0x93, 0x18, 0x98, 0x1C, 0xAA, 0x17, 0x35, 0x1A, 0xAF, 0x12, 0x57, 0x1C, 0xF5, 0x1C, 0x43, 0x14, 0x06, 0x07, 0xB5, 0x0D, 0xE8, 0x0E, 0xA3, 0x13, 0xAE, 0x18, 0x68, 0x0E, 0x39, 0x07, 0xB9, 0x0D, 0xE2, 0x1A, 0xDA, 0x19, 0xEB, 0x1C, 0x18, 0x09, 0x20, 0x1E, 0x19, 0xFF};
static CONST_ALIGINED u8 pinyin_jian[] = {0x05, 0xF1, 0x13, 0x4A, 0x05, 0xE6, 0x05, 0xE9, 0x05, 0xE0, 0x05, 0xCD, 0x05, 0xCF, 0x05, 0xE7, 0x05, 0xE5, 0x05, 0xD2, 0x05, 0xD1, 0x05, 0xD7, 0x05, 0xE8, 0x05, 0xD0, 0x05, 0xDD, 0x05, 0xDF, 0x05, 0xCA, 0x05, 0xCB, 0x05, 0xCC, 0x05, 0xD4, 0x05, 0xEA, 0x05, 0xD3, 0x05, 0xE1, 0x05, 0xEC, 0x05, 0xEE, 0x05, 0xEF, 0x05, 0xF0, 0x05, 0xE3, 0x0A, 0xCC, 0x05, 0xE4, 0x05, 0xDC, 0x05, 0xD8, 0x05, 0xCE, 0x05, 0xDE, 0x05, 0xD9, 0x05, 0xDA, 0x05, 0xDB, 0x05, 0xEB, 0x05, 0xE2, 0x05, 0xD5, 0x05, 0xD6, 0x05, 0xED, 0x1D, 0x21, 0x1E, 0x14, 0x18, 0x13, 0x12, 0x1F, 0x18, 0x5C, 0x17, 0x6C, 0x18, 0xB6, 0x1D, 0x5C, 0x17, 0x15, 0x13, 0xCD, 0x18, 0x1B, 0x18, 0x70, 0x1D, 0xDC, 0x1C, 0x9D, 0x12, 0x2F, 0x17, 0xAA, 0x14, 0x8A, 0x16, 0x43, 0x1A, 0xE0, 0x1D, 0x77, 0x19, 0x89, 0x16, 0x44, 0x1A, 0x81, 0x13, 0x6C, 0x11, 0xC3, 0x1A, 0x09, 0x15, 0xF2, 0x0A, 0xC9, 0x04, 0xD6, 0x0A, 0xCE, 0x16, 0x72, 0x17, 0x7B, 0x08, 0x39, 0x18, 0x65, 0x1C, 0xC5, 0x0D, 0xEF, 0x13, 0x1B, 0x12, 0x30, 0x0A, 0xC7, 0x0E, 0x02, 0x16, 0x3D, 0xFF};
static CONST_ALIGINED u8 pinyin_jiang[] = {0x05, 0xF4, 0x07, 0x04, 0x05, 0xF6, 0x07, 0x03, 0x07, 0x07, 0x05, 0xF5, 0x05, 0xF2, 0x05, 0xF3, 0x07, 0x06, 0x07, 0x01, 0x07, 0x00, 0x07, 0x05, 0x0A, 0xD8, 0x07, 0x02, 0x05, 0x16, 0x1D, 0x34, 0x19, 0x73, 0x17, 0x1F, 0x18, 0x5D, 0x1C, 0x09, 0x16, 0xED, 0x13, 0x17, 0x1D, 0x19, 0x15, 0xCB, 0x05, 0x1B, 0xFF};
static CONST_ALIGINED u8 pinyin_jiao[] = {0x07, 0x22, 0x07, 0x17, 0x07, 0x0D, 0x07, 0x19, 0x07, 0x1E, 0x07, 0x21, 0x07, 0x1B, 0x07, 0xA5, 0x07, 0x0B, 0x07, 0x0C, 0x07, 0x11, 0x07, 0x1C, 0x0E, 0x2E, 0x07, 0x13, 0x07, 0x10, 0x07, 0x18, 0x07, 0x0F, 0x07, 0x15, 0x07, 0x0E, 0x07, 0x12, 0x07, 0x08, 0x07, 0x20, 0x07, 0x23, 0x07, 0x09, 0x07, 0x0A, 0x07, 0x1A, 0x07, 0x14, 0x07, 0x1F, 0x07, 0x16, 0x07, 0x1D, 0x14, 0xE2, 0x12, 0xC6, 0x11, 0xC4, 0x1C, 0x4B, 0x18, 0x82, 0x14, 0xB7, 0x1D, 0x6D, 0x16, 0x91, 0x1A, 0x5A, 0x13, 0x15, 0x1A, 0x86, 0x14, 0x79, 0x1D, 0x4E, 0x11, 0x9D, 0x15, 0xED, 0x1D, 0xD6, 0x13, 0xAF, 0x0A, 0xE0, 0x0A, 0xE1, 0x0B, 0x34, 0x0E, 0xEE, 0x0E, 0xE6, 0x0E, 0x90, 0x05, 0x8F, 0x07, 0x70, 0x13, 0x3D, 0xFF};
static CONST_ALIGINED u8 pinyin_jie[] = {0x07, 0x25, 0x07, 0x2C, 0x07, 0x28, 0x07, 0x3A, 0x07, 0x26, 0x07, 0x2A, 0x07, 0x34, 0x07, 0x39, 0x07, 0x33, 0x07, 0x3E, 0x07, 0x35, 0x07, 0x24, 0x07, 0x36, 0x07, 0x3B, 0x07, 0x29, 0x07, 0x2B, 0x07, 0x38, 0x07, 0x31, 0x07, 0x32, 0x07, 0x3C, 0x07, 0x37, 0x05, 0xC6, 0x07, 0xBA, 0x07, 0x27, 0x07, 0x2D, 0x07, 0x2E, 0x07, 0x2F, 0x07, 0x3D, 0x07, 0x30, 0x05, 0xBD, 0x11, 0xB9, 0x17, 0x95, 0x14, 0x4A, 0x13, 0xAE, 0x1E, 0x19, 0x1D, 0x05, 0x1C, 0x32, 0x14, 0x51, 0x1C, 0x18, 0x1D, 0xD2, 0x16, 0x9E, 0x19, 0x68, 0x11, 0xF3, 0x16, 0xBF, 0x1A, 0x8E, 0x12, 0x0B, 0x04, 0xCB, 0x05, 0xC4, 0x12, 0x36, 0x14, 0x31, 0x05, 0x85, 0x0A, 0xB0, 0x0C, 0xA0, 0x02, 0xE1, 0x0B, 0xEC, 0x1D, 0x1B, 0x04, 0x2F, 0x07, 0xD8, 0x15, 0x14, 0x19, 0x4F, 0x11, 0x1E, 0x05, 0x99, 0x16, 0xDE, 0x1A, 0xDA, 0x1A, 0x1B, 0x1E, 0x37, 0xFF};
static CONST_ALIGINED u8 pinyin_jin[] = {0x07, 0x4A, 0x07, 0x4E, 0x07, 0x43, 0x07, 0x48, 0x07, 0x46, 0x07, 0x42, 0x07, 0x41, 0x07, 0x51, 0x07, 0x52, 0x07, 0x4D, 0x07, 0x50, 0x07, 0x47, 0x07, 0x4C, 0x07, 0x40, 0x07, 0x44, 0x07, 0x49, 0x07, 0x3F, 0x07, 0x45, 0x07, 0x4F, 0x07, 0x4B, 0x15, 0x3C, 0x17, 0x51, 0x15, 0x2C, 0x17, 0xCD, 0x1A, 0xD6, 0x13, 0x39, 0x13, 0x1C, 0x1A, 0xF6, 0x14, 0x80, 0x17, 0x0F, 0x12, 0x37, 0x16, 0x83, 0x18, 0x4D, 0x18, 0x5A, 0x0F, 0x47, 0x08, 0x54, 0x19, 0xB1, 0x1A, 0x0B, 0xFF};
static CONST_ALIGINED u8 pinyin_jing[] = {0x16, 0x9C, 0x07, 0x59, 0x07, 0x69, 0x07, 0x62, 0x07, 0x5E, 0x07, 0x5A, 0x07, 0x5D, 0x07, 0x65, 0x07, 0x6B, 0x07, 0x64, 0x07, 0x5B, 0x07, 0x60, 0x07, 0x5F, 0x07, 0x6A, 0x07, 0x63, 0x07, 0x66, 0x07, 0x53, 0x07, 0x57, 0x07, 0x58, 0x07, 0x5C, 0x07, 0x61, 0x07, 0x54, 0x07, 0x55, 0x07, 0x56, 0x07, 0x52, 0x07, 0x67, 0x07, 0x68, 0x18, 0x8C, 0x15, 0x11, 0x12, 0x3B, 0x18, 0xB0, 0x16, 0x76, 0x11, 0x6A, 0x15, 0x7C, 0x18, 0xA0, 0x13, 0x35, 0x11, 0xC2, 0x18, 0xE2, 0x16, 0x4D, 0x1D, 0x9E, 0x15, 0xBD, 0x18, 0x35, 0x17, 0xD6, 0x0C, 0x14, 0x0D, 0x08, 0x1C, 0xB9, 0x1C, 0x56, 0x0E, 0x5C, 0x12, 0x40, 0x0B, 0x02, 0xFF};
static CONST_ALIGINED u8 pinyin_jiong[] = {0x07, 0x6D, 0x07, 0x6C, 0x19, 0x18, 0x16, 0x48, 0x11, 0x78, 0x12, 0xA4, 0x18, 0x2D, 0xFF};
static CONST_ALIGINED u8 pinyin_jiu[] = {0x07, 0x7D, 0x07, 0x75, 0x07, 0x76, 0x07, 0x79, 0x07, 0x73, 0x07, 0x6E, 0x07, 0x78, 0x07, 0x70, 0x07, 0x7B, 0x07, 0x6F, 0x07, 0x72, 0x07, 0x77, 0x07, 0x7A, 0x07, 0x71, 0x07, 0x74, 0x07, 0x7C, 0x07, 0x7E, 0x1D, 0x2D, 0x1A, 0x87, 0x1D, 0x87, 0x11, 0xC5, 0x17, 0x78, 0x17, 0x91, 0x1E, 0x3C, 0x1A, 0x61, 0x15, 0x8D, 0x14, 0x4D, 0x14, 0x79, 0x02, 0x70, 0x15, 0xED, 0x17, 0x1A, 0x1C, 0x6F, 0xFF};
static CONST_ALIGINED u8 pinyin_ju[] = {0x07, 0x94, 0x07, 0x89, 0x07, 0x8E, 0x07, 0x86, 0x07, 0x8F, 0x07, 0x90, 0x07, 0x92, 0x07, 0x97, 0x07, 0x83, 0x07, 0x8B, 0x07, 0x80, 0x07, 0x85, 0x07, 0x88, 0x07, 0x8A, 0x07, 0x8C, 0x07, 0x95, 0x07, 0x7F, 0x07, 0x81, 0x07, 0x84, 0x0A, 0xEB, 0x07, 0x8D, 0x04, 0xB9, 0x07, 0x2D, 0x07, 0x93, 0x02, 0x37, 0x07, 0x87, 0x07, 0x82, 0x07, 0x91, 0x07, 0x96, 0x11, 0xB5, 0x1D, 0x50, 0x1A, 0xE5, 0x16, 0x74, 0x18, 0x64, 0x12, 0xEC, 0x1A, 0xD0, 0x18, 0xD3, 0x1A, 0x0C, 0x17, 0xAC, 0x12, 0xD6, 0x17, 0x49, 0x13, 0xBB, 0x17, 0xB5, 0x1D, 0xAC, 0x1D, 0x2E, 0x13, 0x07, 0x1D, 0xBA, 0x16, 0x65, 0x17, 0xDE, 0x1D, 0x7B, 0x17, 0xBC, 0x1E, 0x15, 0x19, 0xBF, 0x12, 0x00, 0x17, 0x82, 0x02, 0x72, 0x11, 0x8F, 0x04, 0x50, 0x07, 0x35, 0x0B, 0x22, 0x04, 0x78, 0x0B, 0x20, 0x1D, 0xBC, 0x11, 0x1A, 0x08, 0xD9, 0x13, 0x48, 0x13, 0x5D, 0x13, 0x95, 0x0B, 0x1B, 0x11, 0x1B, 0x11, 0x16, 0x12, 0x6C, 0x02, 0x7C, 0x02, 0x7D, 0x07, 0x10, 0x16, 0x7B, 0xFF};
static CONST_ALIGINED u8 pinyin_juan[] = {0x07, 0x9D, 0x0B, 0x26, 0x07, 0x9B, 0x07, 0x99, 0x07, 0x98, 0x07, 0x9A, 0x07, 0x9C, 0x07, 0x9E, 0x12, 0x66, 0x1A, 0x17, 0x19, 0xB0, 0x1A, 0x28, 0x14, 0xF4, 0x17, 0x97, 0x15, 0xD5, 0x1D, 0xB9, 0x13, 0xDC, 0x15, 0xB8, 0x10, 0x5A, 0x0E, 0x8C, 0x19, 0x8B, 0x0B, 0x6F, 0x1C, 0x60, 0x0B, 0xCB, 0xFF};
static CONST_ALIGINED u8 pinyin_jue[] = {0x07, 0xA6, 0x07, 0xA8, 0x07, 0xA5, 0x07, 0x19, 0x07, 0xA4, 0x07, 0xA2, 0x07, 0xA7, 0x07, 0x9F, 0x07, 0xA3, 0x07, 0xA1, 0x07, 0xA0, 0x07, 0x12, 0x07, 0x17, 0x17, 0x9D, 0x14, 0x81, 0x17, 0xD8, 0x14, 0x51, 0x1D, 0x95, 0x11, 0x74, 0x19, 0x10, 0x12, 0x7B, 0x1A, 0x37, 0x15, 0x12, 0x17, 0x2E, 0x14, 0xC2, 0x13, 0x7E, 0x14, 0x75, 0x12, 0x32, 0x1D, 0x84, 0x16, 0xC0, 0x11, 0x5B, 0x0F, 0x22, 0x0B, 0x1E, 0x17, 0x86, 0x08, 0x08, 0x0E, 0x91, 0x13, 0x80, 0x0D, 0x44, 0x1C, 0x92, 0x07, 0x21, 0x15, 0x96, 0x15, 0x99, 0x1E, 0x12, 0x1E, 0x0B, 0xFF};
static CONST_ALIGINED u8 pinyin_jun[] = {0x07, 0xAC, 0x07, 0xAD, 0x07, 0xA9, 0x07, 0xAA, 0x07, 0xAF, 0x07, 0xAE, 0x04, 0xB2, 0x07, 0xB0, 0x07, 0xB3, 0x07, 0xAB, 0x07, 0xB1, 0x07, 0xB2, 0x1C, 0xB3, 0x1E, 0x44, 0x1A, 0xF4, 0x13, 0xB3, 0x0F, 0xD4, 0x0E, 0x97, 0x15, 0x02, 0x11, 0xD9, 0x1D, 0xB9, 0xFF};
static CONST_ALIGINED u8 pinyin_ka[] = {0x07, 0xB6, 0x07, 0xB4, 0x07, 0xB7, 0x07, 0xB5, 0x18, 0x96, 0x14, 0x05, 0x11, 0x8C, 0x17, 0x35, 0xFF};
static CONST_ALIGINED u8 pinyin_kai[] = {0x07, 0xBC, 0x07, 0xB8, 0x07, 0xB9, 0x07, 0xBB, 0x07, 0xBA, 0x12, 0xA2, 0x11, 0x6D, 0x1A, 0x08, 0x19, 0xE5, 0x1A, 0x1B, 0x15, 0x4A, 0x15, 0x5E, 0x13, 0x55, 0x12, 0x74, 0x04, 0xEE, 0x04, 0xF1, 0x07, 0xD8, 0x16, 0x01, 0x1A, 0x48, 0xFF};
static CONST_ALIGINED u8 pinyin_kan[] = {0x07, 0xC2, 0x07, 0xC1, 0x07, 0xBE, 0x07, 0xBD, 0x0A, 0xCF, 0x07, 0xC0, 0x05, 0xE2, 0x07, 0xBF, 0x19, 0x77, 0x18, 0x18, 0x11, 0x98, 0x19, 0x98, 0x13, 0x21, 0x15, 0x9A, 0x12, 0x7D, 0x04, 0xD6, 0x13, 0x2B, 0x0E, 0x07, 0xFF};
static CONST_ALIGINED u8 pinyin_kang[] = {0x07, 0xC7, 0x07, 0xC9, 0x07, 0xC6, 0x07, 0xC5, 0x07, 0xC3, 0x07, 0xC4, 0x07, 0xC8, 0x19, 0xC3, 0x15, 0x89, 0x11, 0x89, 0x07, 0xE1, 0x03, 0xDF, 0x04, 0xE2, 0x15, 0xAB, 0x05, 0x51, 0xFF};
static CONST_ALIGINED u8 pinyin_kao[] = {0x07, 0xCD, 0x07, 0xCA, 0x07, 0xCC, 0x07, 0xCB, 0x17, 0x87, 0x18, 0x67, 0x16, 0x6E, 0x19, 0xDA, 0x18, 0xD8, 0x13, 0xAF, 0x04, 0x4D, 0x17, 0xC7, 0xFF};
static CONST_ALIGINED u8 pinyin_ke[] = {0x07, 0xD7, 0x07, 0xD9, 0x07, 0xD1, 0x07, 0xD4, 0x07, 0xD3, 0x07, 0xDA, 0x07, 0xDC, 0x07, 0xDB, 0x07, 0xD5, 0x07, 0xD8, 0x07, 0xCF, 0x07, 0xD0, 0x07, 0xD2, 0x07, 0xD6, 0x07, 0xCE, 0x04, 0xED, 0x15, 0x60, 0x14, 0xAD, 0x1C, 0x69, 0x17, 0x05, 0x1C, 0x39, 0x17, 0xF5, 0x1A, 0xCD, 0x19, 0xCA, 0x18, 0x7E, 0x1C, 0x1B, 0x19, 0x94, 0x1A, 0x12, 0x1A, 0x51, 0x17, 0x2F, 0x1E, 0x20, 0x1A, 0x94, 0x14, 0x5A, 0x16, 0x01, 0x16, 0xCE, 0x07, 0xB4, 0x19, 0xAE, 0x19, 0x68, 0x19, 0xEB, 0x1A, 0x0D, 0x19, 0x77, 0xFF};
static CONST_ALIGINED u8 pinyin_kei[] = {0x07, 0xDA, 0xFF};
static CONST_ALIGINED u8 pinyin_ken[] = {0x07, 0xE0, 0x07, 0xDD, 0x07, 0xDE, 0x07, 0xDF, 0x1A, 0xDC, 0x12, 0xA7, 0x05, 0x0C, 0x1C, 0x16, 0x1D, 0xB0, 0xFF};
static CONST_ALIGINED u8 pinyin_keng[] = {0x07, 0xE1, 0x07, 0xE2, 0x1A, 0x00, 0x19, 0x2F, 0x19, 0x59, 0x18, 0xA0, 0x19, 0xDC, 0xFF};
static CONST_ALIGINED u8 pinyin_kong[] = {0x07, 0xE3, 0x07, 0xE5, 0x07, 0xE6, 0x07, 0xE4, 0x11, 0xB4, 0x14, 0xC1, 0x1C, 0xC2, 0x1A, 0xC7, 0x0A, 0xD4, 0xFF};
static CONST_ALIGINED u8 pinyin_kou[] = {0x07, 0xE8, 0x07, 0xE9, 0x07, 0xE7, 0x07, 0xEA, 0x13, 0x79, 0x12, 0xE4, 0x19, 0x7D, 0x1C, 0xAD, 0x13, 0xEA, 0x11, 0x8F, 0x16, 0x81, 0x07, 0xF4, 0xFF};
static CONST_ALIGINED u8 pinyin_ku[] = {0x07, 0xEC, 0x07, 0xF0, 0x07, 0xEE, 0x07, 0xEB, 0x07, 0xF1, 0x07, 0xED, 0x07, 0xEF, 0x11, 0x6B, 0x1E, 0x1B, 0x14, 0x53, 0x12, 0xB7, 0x16, 0xEB, 0x04, 0x8D, 0x0B, 0xE1, 0x07, 0xF4, 0x07, 0xA2, 0x07, 0xF5, 0xFF};
static CONST_ALIGINED u8 pinyin_kua[] = {0x07, 0xF5, 0x07, 0xF3, 0x07, 0xF4, 0x07, 0xF2, 0x07, 0xF6, 0x11, 0x97, 0x1A, 0x12, 0x1E, 0x20, 0xFF};
static CONST_ALIGINED u8 pinyin_kuai[] = {0x08, 0x03, 0x08, 0x00, 0x08, 0x01, 0x05, 0x6E, 0x08, 0x02, 0x14, 0x1E, 0x11, 0x72, 0x15, 0xC8, 0x12, 0x5A, 0x14, 0xF0, 0x18, 0xA4, 0x08, 0x15, 0x13, 0x57, 0x08, 0x14, 0xFF};
static CONST_ALIGINED u8 pinyin_kuan[] = {0x08, 0x04, 0x08, 0x05, 0x1E, 0x24, 0x0D, 0x52, 0x07, 0xD1, 0x07, 0xD3, 0xFF};
static CONST_ALIGINED u8 pinyin_kuang[] = {0x08, 0x0A, 0x08, 0x07, 0x08, 0x08, 0x08, 0x09, 0x08, 0x0D, 0x08, 0x0C, 0x08, 0x06, 0x08, 0x0B, 0x12, 0x15, 0x12, 0x4D, 0x16, 0xE0, 0x13, 0x9C, 0x12, 0x08, 0x12, 0x8F, 0x18, 0x48, 0x14, 0x0F, 0x0E, 0x61, 0x0D, 0x5F, 0x15, 0xEF, 0x05, 0x54, 0x04, 0xAC, 0xFF};
static CONST_ALIGINED u8 pinyin_kui[] = {0x08, 0x0E, 0x08, 0x17, 0x08, 0x13, 0x08, 0x11, 0x08, 0x18, 0x08, 0x12, 0x08, 0x14, 0x08, 0x16, 0x08, 0x0F, 0x08, 0x15, 0x08, 0x10, 0x11, 0x62, 0x15, 0x73, 0x13, 0xC8, 0x19, 0x92, 0x1D, 0x67, 0x1C, 0x12, 0x1C, 0xC6, 0x14, 0x49, 0x16, 0x57, 0x18, 0x3E, 0x13, 0x57, 0x15, 0x65, 0x14, 0x4C, 0x11, 0x49, 0x1C, 0x68, 0x12, 0x49, 0x11, 0xD6, 0x0B, 0x31, 0x1C, 0xDA, 0x1D, 0x95, 0x01, 0xE3, 0x15, 0x96, 0x0B, 0x0C, 0xFF};
static CONST_ALIGINED u8 pinyin_kun[] = {0x08, 0x1B, 0x08, 0x1C, 0x08, 0x1A, 0x08, 0x19, 0x1D, 0xE7, 0x1A, 0x13, 0x1E, 0x34, 0x17, 0x44, 0x1D, 0x45, 0x15, 0x8C, 0x15, 0x66, 0x09, 0x0B, 0x05, 0x79, 0x0D, 0x4F, 0x15, 0x27, 0x1E, 0x03, 0x1D, 0xB0, 0xFF};
static CONST_ALIGINED u8 pinyin_kuo[] = {0x08, 0x20, 0x08, 0x1E, 0x08, 0x1D, 0x08, 0x1F, 0x0C, 0x0F, 0x1C, 0x49, 0x17, 0x90, 0x05, 0x6E, 0x11, 0x6B, 0x14, 0x1E, 0x12, 0x4D, 0xFF};
static CONST_ALIGINED u8 pinyin_la[] = {0x08, 0x22, 0x08, 0x27, 0x08, 0x26, 0x08, 0x24, 0x08, 0x25, 0x08, 0x23, 0x08, 0x21, 0x08, 0x2B, 0x09, 0x1E, 0x1A, 0xAA, 0x16, 0x69, 0x19, 0x56, 0x11, 0x6E, 0x18, 0x25, 0x13, 0xD6, 0xFF};
static CONST_ALIGINED u8 pinyin_lai[] = {0x08, 0x2A, 0x08, 0x29, 0x08, 0x28, 0x16, 0x24, 0x18, 0x4F, 0x14, 0xBB, 0x15, 0xD2, 0x19, 0xF5, 0x1C, 0xD8, 0x14, 0xDC, 0x1A, 0xBE, 0x19, 0x88, 0x1E, 0x52, 0xFF};
static CONST_ALIGINED u8 pinyin_lan[] = {0x08, 0x2B, 0x08, 0x31, 0x08, 0x38, 0x08, 0x2E, 0x08, 0x2F, 0x08, 0x36, 0x08, 0x2D, 0x08, 0x34, 0x08, 0x37, 0x08, 0x39, 0x08, 0x30, 0x08, 0x33, 0x08, 0x2C, 0x08, 0x32, 0x08, 0x35, 0x17, 0xB2, 0x14, 0xAA, 0x1A, 0xEC, 0x1A, 0x3B, 0x18, 0xDD, 0x19, 0xAA, 0x16, 0x13, 0x14, 0x36, 0x15, 0x3F, 0x15, 0x80, 0x08, 0x83, 0x08, 0x89, 0x12, 0x1F, 0x02, 0x3D, 0xFF};
static CONST_ALIGINED u8 pinyin_lang[] = {0x08, 0x40, 0x08, 0x3C, 0x08, 0x3D, 0x08, 0x3E, 0x08, 0x3F, 0x08, 0x3B, 0x08, 0x3A, 0x1A, 0x50, 0x1C, 0x62, 0x13, 0x32, 0x14, 0x41, 0x1A, 0x0A, 0x15, 0x8E, 0x13, 0x6E, 0x04, 0x68, 0x1D, 0x6E, 0xFF};
static CONST_ALIGINED u8 pinyin_lao[] = {0x08, 0x44, 0x08, 0x41, 0x08, 0x43, 0x08, 0x42, 0x08, 0x48, 0x08, 0x49, 0x09, 0x1E, 0x08, 0x46, 0x08, 0x47, 0x09, 0x21, 0x08, 0x45, 0x08, 0x9D, 0x1C, 0x05, 0x19, 0xF4, 0x1D, 0x4C, 0x19, 0xDB, 0x14, 0x29, 0x17, 0x88, 0x14, 0xBA, 0x1A, 0x9E, 0x08, 0x98, 0x08, 0x96, 0x15, 0x13, 0x13, 0x7B, 0xFF};
static CONST_ALIGINED u8 pinyin_le[] = {0x08, 0x9E, 0x08, 0x4B, 0x08, 0x4A, 0x08, 0x54, 0x1E, 0x05, 0x11, 0x7D, 0x13, 0xEC, 0x15, 0xAD, 0x14, 0x6B, 0xFF};
static CONST_ALIGINED u8 pinyin_lei[] = {0x08, 0x55, 0x08, 0x50, 0x08, 0x56, 0x08, 0x4C, 0x08, 0x52, 0x08, 0x4A, 0x08, 0x53, 0x08, 0x4E, 0x08, 0x54, 0x08, 0x4D, 0x08, 0x51, 0x08, 0x4F, 0x17, 0x19, 0x12, 0x09, 0x1C, 0x00, 0x1D, 0x44, 0x11, 0xE9, 0x16, 0xB2, 0x17, 0xE0, 0x14, 0x6B, 0x08, 0xDD, 0x14, 0x14, 0x16, 0x16, 0xFF};
static CONST_ALIGINED u8 pinyin_len[] = {0x14, 0x36, 0xFF};
static CONST_ALIGINED u8 pinyin_leng[] = {0x08, 0x59, 0x08, 0x57, 0x08, 0x58, 0x15, 0x75, 0x12, 0xBA, 0xFF};
static CONST_ALIGINED u8 pinyin_li[] = {0x08, 0x63, 0x08, 0x64, 0x08, 0x60, 0x08, 0x79, 0x08, 0x75, 0x08, 0x72, 0x08, 0x7B, 0x08, 0x62, 0x08, 0x70, 0x08, 0x5B, 0x08, 0x5A, 0x08, 0x66, 0x08, 0x6F, 0x08, 0x6B, 0x08, 0x69, 0x08, 0x6E, 0x08, 0x61, 0x08, 0x67, 0x08, 0x71, 0x08, 0x68, 0x08, 0x73, 0x08, 0x74, 0x08, 0x5F, 0x08, 0x76, 0x08, 0x77, 0x08, 0x78, 0x08, 0x6A, 0x08, 0x7A, 0x08, 0x65, 0x08, 0x6C, 0x08, 0x6D, 0x08, 0x5C, 0x08, 0x5D, 0x08, 0x5E, 0x12, 0x5E, 0x1A, 0x71, 0x1C, 0xA7, 0x12, 0x92, 0x12, 0xD4, 0x1E, 0x0E, 0x17, 0x13, 0x1D, 0x62, 0x1C, 0x52, 0x1A, 0x02, 0x15, 0x65, 0x16, 0x26, 0x1D, 0x0B, 0x13, 0x6A, 0x17, 0x67, 0x1C, 0x90, 0x11, 0x3B, 0x13, 0xF4, 0x19, 0x51, 0x16, 0xAD, 0x1C, 0xCB, 0x1A, 0x8F, 0x1A, 0x91, 0x14, 0xF5, 0x13, 0x93, 0x16, 0x06, 0x1D, 0xDA, 0x19, 0x16, 0x17, 0x84, 0x14, 0x42, 0x1D, 0x51, 0x18, 0x04, 0x19, 0xA7, 0x16, 0xCC, 0x19, 0xAB, 0x16, 0x52, 0x11, 0xA2, 0x14, 0x48, 0x1D, 0xA0, 0x1E, 0x52, 0x13, 0x29, 0x11, 0xA4, 0x1C, 0x3A, 0x16, 0x94, 0x11, 0x7D, 0x0D, 0x81, 0x08, 0xA3, 0x13, 0xEC, 0x13, 0xBD, 0x0A, 0xB7, 0x17, 0x3C, 0x19, 0x56, 0x19, 0x60, 0x1D, 0x23, 0x19, 0xD2, 0x1A, 0x27, 0x1D, 0xAA, 0x18, 0xD2, 0xFF};
static CONST_ALIGINED u8 pinyin_lia[] = {0x08, 0x7C, 0xFF};
static CONST_ALIGINED u8 pinyin_lian[] = {0x08, 0x7F, 0x08, 0x7D, 0x08, 0x8A, 0x08, 0x7E, 0x08, 0x88, 0x08, 0x86, 0x08, 0x89, 0x08, 0x87, 0x08, 0x85, 0x08, 0x82, 0x08, 0x81, 0x08, 0x84, 0x08, 0x80, 0x08, 0x83, 0x1C, 0x8E, 0x17, 0x3F, 0x17, 0xEC, 0x13, 0x75, 0x1D, 0xDB, 0x13, 0x9D, 0x16, 0x18, 0x18, 0xC9, 0x1A, 0xDD, 0x16, 0x29, 0x1A, 0xDF, 0x17, 0xB1, 0x08, 0xC1, 0x16, 0x90, 0x09, 0x08, 0x13, 0xCD, 0x19, 0x99, 0x11, 0xE9, 0x18, 0xCA, 0x12, 0xF1, 0x13, 0x2B, 0x1A, 0x3B, 0x08, 0xB6, 0xFF};
static CONST_ALIGINED u8 pinyin_liang[] = {0x08, 0x90, 0x08, 0x94, 0x08, 0x91, 0x08, 0x8C, 0x08, 0x8B, 0x08, 0x8D, 0x08, 0x92, 0x08, 0x8F, 0x08, 0x93, 0x08, 0x95, 0x08, 0x7C, 0x08, 0x8E, 0x12, 0xC0, 0x1D, 0x9E, 0x1D, 0x6E, 0x17, 0xA8, 0x1E, 0x2A, 0x13, 0x32, 0x07, 0x5A, 0x1D, 0x81, 0x15, 0x8E, 0xFF};
static CONST_ALIGINED u8 pinyin_liao[] = {0x08, 0x9E, 0x08, 0xA2, 0x08, 0x96, 0x08, 0x97, 0x08, 0x9F, 0x08, 0x99, 0x08, 0xA1, 0x08, 0x9A, 0x08, 0x9C, 0x08, 0x98, 0x08, 0x9B, 0x08, 0xA0, 0x08, 0x9D, 0x19, 0xB6, 0x13, 0x7B, 0x13, 0xA4, 0x16, 0x40, 0x17, 0x1D, 0x15, 0x13, 0x1A, 0x85, 0x14, 0x76, 0x08, 0x45, 0x08, 0x42, 0xFF};
static CONST_ALIGINED u8 pinyin_lie[] = {0x08, 0xA3, 0x08, 0xA4, 0x08, 0xA7, 0x08, 0xA6, 0x08, 0xA5, 0x14, 0x14, 0x12, 0xAC, 0x13, 0xBD, 0x1E, 0x3F, 0x1D, 0x2F, 0x1D, 0x8B, 0x11, 0xEC, 0x15, 0xC0, 0x08, 0x72, 0x08, 0x6A, 0x01, 0xCD, 0x16, 0x69, 0xFF};
static CONST_ALIGINED u8 pinyin_lin[] = {0x1E, 0x4A, 0x08, 0xA9, 0x08, 0xAC, 0x08, 0xAF, 0x08, 0xAD, 0x08, 0xAA, 0x08, 0xAE, 0x08, 0xB1, 0x08, 0xB2, 0x08, 0xB3, 0x08, 0xA8, 0x08, 0xAB, 0x08, 0xB0, 0x16, 0x64, 0x14, 0xD1, 0x13, 0x77, 0x1D, 0x10, 0x1D, 0x89, 0x18, 0x11, 0x15, 0x3F, 0x15, 0x80, 0x19, 0x99, 0x17, 0xE2, 0x18, 0xCA, 0x14, 0x36, 0x0B, 0x4E, 0x0B, 0xD6, 0x0F, 0x45, 0xFF};
static CONST_ALIGINED u8 pinyin_ling[] = {0x08, 0xC0, 0x08, 0xC1, 0x08, 0xBF, 0x08, 0xB6, 0x08, 0xB8, 0x08, 0xB4, 0x08, 0xBC, 0x08, 0xBE, 0x08, 0xB7, 0x08, 0xBB, 0x08, 0xBD, 0x08, 0xB5, 0x08, 0xB9, 0x08, 0xBA, 0x08, 0x57, 0x1D, 0x1D, 0x1C, 0x3F, 0x12, 0xF1, 0x16, 0xF1, 0x18, 0x1E, 0x12, 0x6D, 0x14, 0x08, 0x15, 0xB5, 0x17, 0xA0, 0x17, 0x81, 0x1D, 0xE4, 0x1C, 0x0F, 0x14, 0x8E, 0x08, 0x59, 0x08, 0x82, 0x08, 0xB3, 0x08, 0xAA, 0x03, 0x49, 0xFF};
static CONST_ALIGINED u8 pinyin_liu[] = {0x08, 0xCC, 0x08, 0xCA, 0x08, 0xC7, 0x08, 0xC8, 0x08, 0xCB, 0x08, 0xC2, 0x08, 0xC5, 0x08, 0xC9, 0x08, 0xC4, 0x08, 0xC3, 0x08, 0xC6, 0x08, 0xE6, 0x08, 0xEE, 0x17, 0x01, 0x1A, 0x07, 0x1D, 0xC4, 0x1A, 0x2A, 0x15, 0xCC, 0x16, 0xD4, 0x18, 0xE4, 0x1A, 0x84, 0x19, 0x07, 0x16, 0x62, 0x11, 0xBC, 0x09, 0x0F, 0x15, 0xB6, 0x01, 0x80, 0x0F, 0x7C, 0x08, 0x97, 0x13, 0x5D, 0x13, 0x7B, 0x09, 0x45, 0xFF};
static CONST_ALIGINED u8 pinyin_lo[] = {0x07, 0xB7, 0xFF};
static CONST_ALIGINED u8 pinyin_long[] = {0x08, 0xCD, 0x08, 0xD4, 0x08, 0xD0, 0x08, 0xCE, 0x08, 0xD2, 0x08, 0xD3, 0x0A, 0x07, 0x08, 0xCF, 0x08, 0xD1, 0x08, 0xD5, 0x12, 0x96, 0x18, 0x94, 0x17, 0x30, 0x12, 0xE9, 0x15, 0xB0, 0x17, 0x77, 0x1A, 0xBA, 0x19, 0x52, 0x02, 0x6A, 0x0A, 0x30, 0x11, 0x14, 0xFF};
static CONST_ALIGINED u8 pinyin_lou[] = {0x08, 0xDA, 0x08, 0xD6, 0x08, 0xD8, 0x08, 0xDB, 0x08, 0xE7, 0x08, 0xD7, 0x08, 0xD9, 0x11, 0xBC, 0x1C, 0x6E, 0x1A, 0x22, 0x13, 0x5D, 0x1C, 0x08, 0x1E, 0x22, 0x14, 0x52, 0x1A, 0xAE, 0x14, 0xCA, 0x08, 0x43, 0xFF};
static CONST_ALIGINED u8 pinyin_lu[] = {0x08, 0xE8, 0x08, 0xE7, 0x08, 0xED, 0x08, 0xEA, 0x08, 0xEE, 0x08, 0xE0, 0x08, 0xDD, 0x08, 0xE4, 0x08, 0xE2, 0x08, 0xDC, 0x08, 0xDE, 0x08, 0xDF, 0x08, 0xE6, 0x08, 0xE1, 0x09, 0x06, 0x08, 0xE3, 0x08, 0xE9, 0x08, 0xEF, 0x08, 0xEB, 0x08, 0xEC, 0x08, 0xE5, 0x08, 0xCC, 0x1D, 0xCC, 0x17, 0x7A, 0x15, 0xE8, 0x13, 0x7B, 0x16, 0x5A, 0x15, 0xB1, 0x17, 0xF6, 0x18, 0x74, 0x1C, 0xD1, 0x17, 0xDB, 0x18, 0x09, 0x12, 0x98, 0x18, 0x97, 0x14, 0x7C, 0x1A, 0x39, 0x18, 0x10, 0x16, 0x1B, 0x13, 0xD8, 0x17, 0x5B, 0x1A, 0x67, 0x1A, 0x8A, 0x1C, 0xE8, 0x13, 0xB2, 0x13, 0xCA, 0x09, 0x05, 0x1A, 0xBC, 0x04, 0x00, 0x07, 0x19, 0x04, 0x90, 0x08, 0x47, 0xFF};
static CONST_ALIGINED u8 pinyin_luan[] = {0x09, 0x0C, 0x09, 0x0B, 0x09, 0x0A, 0x09, 0x07, 0x09, 0x09, 0x09, 0x08, 0x17, 0x96, 0x1D, 0xBF, 0x11, 0xE4, 0x16, 0x90, 0x1A, 0x6F, 0xFF};
static CONST_ALIGINED u8 pinyin_lue[] = {0x09, 0x0E, 0x09, 0x0D, 0x1A, 0x06, 0x09, 0x04, 0x0E, 0xF0, 0xFF};
static CONST_ALIGINED u8 pinyin_lun[] = {0x09, 0x15, 0x09, 0x10, 0x09, 0x0F, 0x09, 0x11, 0x09, 0x13, 0x09, 0x12, 0x09, 0x14, 0x14, 0x8C, 0xFF};
static CONST_ALIGINED u8 pinyin_luo[] = {0x09, 0x1E, 0x09, 0x18, 0x09, 0x1A, 0x09, 0x1D, 0x09, 0x1C, 0x08, 0x48, 0x09, 0x1B, 0x09, 0x17, 0x09, 0x16, 0x09, 0x1F, 0x09, 0x20, 0x09, 0x19, 0x09, 0x21, 0x07, 0xB7, 0x13, 0x18, 0x16, 0x16, 0x11, 0xE8, 0x1D, 0xBB, 0x11, 0xAF, 0x19, 0x60, 0x17, 0xA6, 0x13, 0xB2, 0x18, 0xAB, 0x1A, 0xB7, 0x13, 0xD2, 0x15, 0xB7, 0x17, 0x3C, 0x1A, 0x31, 0x15, 0x05, 0x08, 0x4B, 0x04, 0xC3, 0x04, 0x5B, 0x17, 0xD7, 0x0C, 0x5B, 0x15, 0x04, 0x08, 0xE6, 0x1C, 0x5B, 0x1C, 0x90, 0x1A, 0xDB, 0x1D, 0x62, 0x08, 0xE8, 0x04, 0x5F, 0xFF};
static CONST_ALIGINED u8 pinyin_lv[] = {0x09, 0x06, 0x09, 0x04, 0x08, 0xF2, 0x08, 0xF0, 0x08, 0xF4, 0x08, 0xF6, 0x09, 0x05, 0x08, 0xF1, 0x09, 0x03, 0x09, 0x02, 0x09, 0x00, 0x08, 0xF3, 0x09, 0x01, 0x08, 0xF5, 0x11, 0xBC, 0x18, 0xC0, 0x17, 0xBA, 0x15, 0x8B, 0x13, 0xB2, 0x1A, 0xEA, 0x1A, 0x4D, 0x08, 0xDD, 0x08, 0xD7, 0x08, 0xDF, 0x08, 0xD9, 0x08, 0x50, 0x13, 0x5D, 0x1A, 0x22, 0x08, 0xE4, 0x08, 0xEA, 0xFF};
static CONST_ALIGINED u8 pinyin_lve[] = {0x09, 0x0E, 0x09, 0x0D, 0x1A, 0x06, 0x09, 0x04, 0x0E, 0xF0, 0xFF};
static CONST_ALIGINED u8 pinyin_m[] = {0x13, 0xF1, 0xFF};
static CONST_ALIGINED u8 pinyin_ma[] = {0x09, 0x2A, 0x09, 0x22, 0x09, 0x27, 0x09, 0x29, 0x09, 0x23, 0x09, 0x28, 0x09, 0x9E, 0x09, 0x25, 0x09, 0x24, 0x09, 0x26, 0x09, 0x9C, 0x14, 0x27, 0x1C, 0x76, 0x14, 0xE9, 0x16, 0xB8, 0x17, 0x66, 0x09, 0x4C, 0x09, 0xBB, 0x13, 0x64, 0x05, 0x00, 0x1D, 0x90, 0x09, 0x6A, 0x1E, 0x40, 0xFF};
static CONST_ALIGINED u8 pinyin_mai[] = {0x09, 0x2C, 0x09, 0x2E, 0x09, 0x2F, 0x09, 0x2B, 0x09, 0x2D, 0x09, 0x30, 0x12, 0x71, 0x1D, 0xAA, 0x13, 0x1D, 0x14, 0x22, 0x08, 0x7B, 0x0A, 0x26, 0xFF};
static CONST_ALIGINED u8 pinyin_man[] = {0x09, 0x34, 0x09, 0x37, 0x09, 0x31, 0x09, 0x38, 0x09, 0x33, 0x09, 0x35, 0x09, 0x36, 0x09, 0x32, 0x09, 0x2B, 0x09, 0x39, 0x14, 0x9D, 0x1E, 0x08, 0x12, 0xBE, 0x1C, 0x74, 0x1A, 0x30, 0x1C, 0x20, 0x1E, 0x13, 0x17, 0x18, 0x19, 0x08, 0x09, 0xB1, 0x1D, 0x81, 0xFF};
static CONST_ALIGINED u8 pinyin_mang[] = {0x09, 0x3E, 0x09, 0x3A, 0x09, 0x3C, 0x09, 0x3F, 0x09, 0x3B, 0x09, 0x3D, 0x19, 0x5A, 0x12, 0x4E, 0x1C, 0x75, 0x16, 0x03, 0x18, 0xC6, 0x13, 0x82, 0x08, 0xCD, 0xFF};
static CONST_ALIGINED u8 pinyin_mao[] = {0x1C, 0x86, 0x1C, 0x71, 0x09, 0x43, 0x09, 0x48, 0x09, 0x49, 0x09, 0x40, 0x09, 0x44, 0x09, 0x46, 0x09, 0x4A, 0x09, 0x47, 0x09, 0x4B, 0x09, 0x45, 0x09, 0x42, 0x09, 0x41, 0x18, 0x6D, 0x12, 0xF4, 0x17, 0x4A, 0x1E, 0x35, 0x19, 0x3D, 0x18, 0x30, 0x18, 0x5F, 0x19, 0x93, 0x14, 0xB3, 0x11, 0xE2, 0x18, 0xE0, 0x15, 0xB6, 0x11, 0x9F, 0x12, 0x77, 0x09, 0x80, 0x09, 0xA8, 0x04, 0xEA, 0x1C, 0x4D, 0xFF};
static CONST_ALIGINED u8 pinyin_me[] = {0x09, 0x4C, 0x1E, 0x40, 0xFF};
static CONST_ALIGINED u8 pinyin_mei[] = {0x1E, 0x27, 0x09, 0x54, 0x09, 0x53, 0x09, 0x57, 0x09, 0x52, 0x09, 0x56, 0x09, 0x58, 0x09, 0x50, 0x09, 0x5B, 0x09, 0x4E, 0x09, 0x51, 0x09, 0x4D, 0x09, 0x4F, 0x09, 0x5A, 0x09, 0x59, 0x09, 0x55, 0x09, 0x6B, 0x09, 0x5C, 0x09, 0x6D, 0x09, 0xA3, 0x14, 0xCC, 0x15, 0x0E, 0x1A, 0xD7, 0x15, 0xF5, 0x15, 0xD9, 0x1A, 0x7E, 0x13, 0x27, 0x1A, 0x25, 0x17, 0xBE, 0x0D, 0x7C, 0x12, 0x9D, 0x09, 0xA1, 0x09, 0xA9, 0xFF};
static CONST_ALIGINED u8 pinyin_men[] = {0x09, 0x5D, 0x09, 0x5F, 0x09, 0x5E, 0x19, 0x3E, 0x13, 0xA8, 0x19, 0xBA, 0x18, 0xF3, 0x15, 0xAA, 0x09, 0x34, 0x17, 0x2D, 0x1E, 0x13, 0xFF};
static CONST_ALIGINED u8 pinyin_meng[] = {0x09, 0x62, 0x09, 0x65, 0x09, 0x66, 0x09, 0x61, 0x09, 0x64, 0x09, 0x67, 0x09, 0x63, 0x09, 0x60, 0x09, 0x3D, 0x19, 0x75, 0x1C, 0x63, 0x12, 0x76, 0x15, 0x81, 0x13, 0x72, 0x1C, 0x8C, 0x1C, 0x2C, 0x18, 0xC6, 0x1C, 0xEE, 0x1C, 0xF2, 0x13, 0x82, 0x09, 0x8F, 0x19, 0x95, 0x1C, 0x86, 0x1C, 0x75, 0x1D, 0xB4, 0xFF};
static CONST_ALIGINED u8 pinyin_mi[] = {0x09, 0x6F, 0x09, 0x74, 0x09, 0x6C, 0x09, 0x68, 0x09, 0x73, 0x09, 0x6D, 0x09, 0x71, 0x09, 0x70, 0x09, 0x6E, 0x09, 0x75, 0x09, 0x6A, 0x09, 0x6B, 0x09, 0x72, 0x09, 0x69, 0x13, 0x99, 0x1E, 0x42, 0x14, 0x22, 0x15, 0xA7, 0x1E, 0x46, 0x19, 0x23, 0x15, 0x09, 0x16, 0x78, 0x12, 0x2D, 0x11, 0x53, 0x18, 0xA9, 0x16, 0x39, 0x1D, 0x09, 0x14, 0x73, 0x1D, 0x25, 0x11, 0xEF, 0x03, 0xA0, 0x17, 0x24, 0x09, 0x9C, 0x16, 0x0F, 0x15, 0x15, 0x01, 0x96, 0xFF};
static CONST_ALIGINED u8 pinyin_mian[] = {0x09, 0x7E, 0x09, 0x76, 0x09, 0x7A, 0x09, 0x78, 0x09, 0x77, 0x09, 0x7D, 0x09, 0x7B, 0x09, 0x79, 0x09, 0x7C, 0x18, 0xB9, 0x15, 0xEC, 0x19, 0x7C, 0x15, 0xA5, 0x1D, 0xB4, 0x15, 0xE2, 0x11, 0xF1, 0x16, 0x36, 0x15, 0xBC, 0x19, 0x95, 0x17, 0x0E, 0xFF};
static CONST_ALIGINED u8 pinyin_miao[] = {0x09, 0x83, 0x09, 0x7F, 0x09, 0x85, 0x09, 0x86, 0x09, 0x80, 0x09, 0x81, 0x09, 0x82, 0x09, 0x84, 0x19, 0x7F, 0x17, 0x1A, 0x17, 0x08, 0x19, 0x44, 0x14, 0x35, 0x17, 0x69, 0x1A, 0x77, 0x16, 0x67, 0x02, 0x35, 0x09, 0x40, 0x0B, 0x92, 0x1C, 0x5E, 0xFF};
static CONST_ALIGINED u8 pinyin_mie[] = {0x09, 0x88, 0x09, 0x87, 0x14, 0x21, 0x1C, 0xCF, 0x1C, 0x8F, 0x11, 0x50, 0x14, 0x22, 0x12, 0x1B, 0xFF};
static CONST_ALIGINED u8 pinyin_min[] = {0x09, 0x89, 0x09, 0x8A, 0x09, 0x8C, 0x09, 0x8E, 0x09, 0x8B, 0x09, 0x8D, 0x17, 0x34, 0x19, 0x39, 0x17, 0x0E, 0x15, 0x88, 0x17, 0x2D, 0x13, 0x00, 0x15, 0xBC, 0x1D, 0xB4, 0x1E, 0x09, 0x14, 0xB4, 0x15, 0xAA, 0x09, 0x77, 0x0B, 0xDC, 0xFF};
static CONST_ALIGINED u8 pinyin_ming[] = {0x09, 0x93, 0x09, 0x8F, 0x09, 0x94, 0x09, 0x91, 0x09, 0x92, 0x09, 0x90, 0x09, 0x63, 0x11, 0xF1, 0x19, 0x95, 0x18, 0x40, 0x13, 0x13, 0x16, 0x0F, 0x1D, 0x3E, 0x09, 0x60, 0xFF};
static CONST_ALIGINED u8 pinyin_miu[] = {0x09, 0x95, 0x17, 0x1A, 0xFF};
static CONST_ALIGINED u8 pinyin_mo[] = {0x09, 0x96, 0x09, 0x9B, 0x09, 0x9E, 0x09, 0x9F, 0x09, 0x9A, 0x09, 0xA1, 0x09, 0x53, 0x09, 0xA0, 0x09, 0xA2, 0x09, 0x9D, 0x09, 0x99, 0x09, 0x9C, 0x09, 0x97, 0x09, 0xA4, 0x09, 0xA6, 0x09, 0x98, 0x09, 0x30, 0x09, 0xA3, 0x0D, 0x5A, 0x0D, 0xA4, 0x05, 0x08, 0x09, 0x48, 0x09, 0xA5, 0x1A, 0x4B, 0x1A, 0xB2, 0x17, 0xE7, 0x1A, 0x26, 0x16, 0xA8, 0x12, 0x29, 0x13, 0x64, 0x1D, 0x90, 0x1D, 0x92, 0x1E, 0x40, 0x12, 0xE6, 0x15, 0x2A, 0x1C, 0x0B, 0x09, 0x4C, 0x01, 0xC9, 0x01, 0x3A, 0x0D, 0xB6, 0x0A, 0x1E, 0x04, 0x11, 0x09, 0x59, 0x01, 0x38, 0x09, 0x82, 0x1C, 0x76, 0x0D, 0x48, 0x05, 0x00, 0x09, 0x4A, 0xFF};
static CONST_ALIGINED u8 pinyin_mou[] = {0x09, 0xA9, 0x09, 0xA7, 0x09, 0xA8, 0x19, 0x87, 0x1C, 0x4D, 0x1D, 0xC2, 0x11, 0x9F, 0x17, 0x1A, 0x14, 0x26, 0x05, 0xE9, 0x12, 0x80, 0x16, 0xA6, 0x0D, 0xA9, 0x11, 0xE2, 0xFF};
static CONST_ALIGINED u8 pinyin_mu[] = {0x09, 0xB4, 0x09, 0xAE, 0x09, 0xAC, 0x09, 0xB1, 0x09, 0xB5, 0x09, 0xAF, 0x09, 0xB7, 0x09, 0xA8, 0x09, 0x99, 0x09, 0xB8, 0x09, 0xB0, 0x09, 0xAB, 0x09, 0xAA, 0x09, 0xB2, 0x09, 0xB3, 0x09, 0xB6, 0x09, 0xAD, 0x08, 0x46, 0x19, 0xCF, 0x18, 0x6E, 0x12, 0x9D, 0x15, 0xA4, 0x11, 0x80, 0x12, 0xEB, 0x05, 0x08, 0x16, 0xA6, 0x17, 0x1A, 0xFF};
static CONST_ALIGINED u8 pinyin_n[] = {0x14, 0x61, 0x14, 0x25, 0xFF};
static CONST_ALIGINED u8 pinyin_na[] = {0x09, 0xBD, 0x09, 0xB9, 0x09, 0xBA, 0x09, 0xBF, 0x09, 0xBC, 0x09, 0xBE, 0x09, 0xBB, 0x09, 0xC5, 0x1A, 0xD4, 0x13, 0xB7, 0x1A, 0x29, 0x18, 0x91, 0x09, 0xD0, 0x14, 0x0C, 0x1C, 0xBD, 0x0E, 0x80, 0xFF};
static CONST_ALIGINED u8 pinyin_nai[] = {0x09, 0xC1, 0x09, 0xC3, 0x09, 0xC2, 0x09, 0xC4, 0x09, 0xC0, 0x09, 0xBA, 0x13, 0x3A, 0x12, 0xC7, 0x17, 0x74, 0x11, 0x4F, 0x11, 0x95, 0x09, 0xD2, 0xFF};
static CONST_ALIGINED u8 pinyin_nan[] = {0x09, 0xC7, 0x09, 0xC5, 0x09, 0xC6, 0x1D, 0x32, 0x14, 0x8B, 0x1C, 0x66, 0x17, 0xAF, 0x14, 0x47, 0x18, 0xB8, 0x14, 0x8A, 0x0C, 0xB0, 0x0C, 0xB3, 0x1C, 0x19, 0xFF};
static CONST_ALIGINED u8 pinyin_nang[] = {0x09, 0xC8, 0x15, 0x2F, 0x18, 0x45, 0x14, 0x88, 0x13, 0xE2, 0x14, 0x24, 0xFF};
static CONST_ALIGINED u8 pinyin_nao[] = {0x09, 0xCC, 0x09, 0xCA, 0x09, 0xCB, 0x09, 0xC9, 0x09, 0xCD, 0x11, 0x3C, 0x19, 0xE0, 0x17, 0x4E, 0x12, 0xA5, 0x14, 0x0C, 0x1C, 0x44, 0x15, 0x0F, 0x19, 0x5F, 0x07, 0x0F, 0xFF};
static CONST_ALIGINED u8 pinyin_ne[] = {0x09, 0xCE, 0x09, 0xBA, 0x09, 0xBD, 0x09, 0xBB, 0x12, 0x01, 0x1A, 0x8C, 0x1A, 0x8D, 0xFF};
static CONST_ALIGINED u8 pinyin_nei[] = {0x09, 0xD0, 0x09, 0xBA, 0x09, 0xCF, 0x09, 0xBD, 0xFF};
static CONST_ALIGINED u8 pinyin_nen[] = {0x09, 0xD1, 0x19, 0x34, 0x17, 0x6B, 0xFF};
static CONST_ALIGINED u8 pinyin_neng[] = {0x09, 0xD2, 0x03, 0x9D, 0x09, 0xC3, 0xFF};
static CONST_ALIGINED u8 pinyin_ng[] = {0x14, 0x61, 0xFF};
static CONST_ALIGINED u8 pinyin_ni[] = {0x09, 0xD9, 0x09, 0xD6, 0x09, 0xD8, 0x09, 0xDB, 0x09, 0xDC, 0x09, 0xCE, 0x09, 0xDD, 0x09, 0xD5, 0x09, 0xD7, 0x09, 0xDA, 0x09, 0xD3, 0x09, 0xD4, 0x19, 0xD7, 0x18, 0x33, 0x12, 0x9C, 0x19, 0x23, 0x15, 0x06, 0x11, 0x92, 0x15, 0x56, 0x1D, 0xEA, 0x19, 0x8D, 0x18, 0xE3, 0x14, 0xD4, 0x19, 0x3A, 0x16, 0x02, 0xFF};
static CONST_ALIGINED u8 pinyin_nian[] = {0x09, 0xE0, 0x09, 0xE4, 0x09, 0xE3, 0x09, 0xE2, 0x09, 0xDF, 0x09, 0xE1, 0x09, 0xDE, 0x10, 0x26, 0x11, 0x36, 0x1A, 0x56, 0x18, 0x0B, 0x1D, 0xCB, 0x1D, 0xEB, 0x12, 0xB2, 0x02, 0x45, 0x10, 0x2A, 0xFF};
static CONST_ALIGINED u8 pinyin_niang[] = {0x09, 0xE5, 0x09, 0xE6, 0xFF};
static CONST_ALIGINED u8 pinyin_niao[] = {0x09, 0xE7, 0x09, 0xE8, 0x1C, 0xF4, 0x12, 0xF2, 0x18, 0xAF, 0x16, 0xB7, 0x13, 0xA4, 0x09, 0xDD, 0xFF};
static CONST_ALIGINED u8 pinyin_nie[] = {0x09, 0xE9, 0x09, 0xEE, 0x09, 0xEA, 0x09, 0xEB, 0x09, 0xEF, 0x09, 0xED, 0x09, 0xEC, 0x12, 0x43, 0x13, 0x98, 0x14, 0x5B, 0x1C, 0xDE, 0x1D, 0x80, 0x1C, 0x1F, 0x11, 0x50, 0x09, 0xD5, 0x14, 0x8B, 0x12, 0xB2, 0x0E, 0x5D, 0x09, 0xE3, 0x0B, 0xC1, 0x19, 0x40, 0xFF};
static CONST_ALIGINED u8 pinyin_nin[] = {0x09, 0xF0, 0x19, 0x34, 0xFF};
static CONST_ALIGINED u8 pinyin_ning[] = {0x09, 0xF5, 0x09, 0xF3, 0x09, 0xF4, 0x09, 0xF1, 0x09, 0xF2, 0x09, 0xF6, 0x11, 0x8B, 0x16, 0x3C, 0x14, 0x0A, 0x1C, 0x10, 0x01, 0xB6, 0x09, 0xE0, 0x0B, 0x41, 0x0F, 0x19, 0xFF};
static CONST_ALIGINED u8 pinyin_niu[] = {0x0A, 0x00, 0x0A, 0x01, 0x0A, 0x03, 0x0A, 0x02, 0x13, 0xAD, 0x16, 0x86, 0x14, 0xEA, 0x15, 0x4F, 0x1C, 0x41, 0xFF};
static CONST_ALIGINED u8 pinyin_nong[] = {0x0A, 0x05, 0x0A, 0x07, 0x0A, 0x06, 0x0A, 0x04, 0x14, 0x24, 0x11, 0x9E, 0x14, 0x05, 0xFF};
static CONST_ALIGINED u8 pinyin_nou[] = {0x1C, 0x0A, 0xFF};
static CONST_ALIGINED u8 pinyin_nu[] = {0x0A, 0x0A, 0x0A, 0x09, 0x0A, 0x08, 0x16, 0xBD, 0x16, 0xA2, 0x16, 0xC7, 0x16, 0x77, 0x07, 0x48, 0x14, 0x0C, 0x14, 0x97, 0x0B, 0x6C, 0xFF};
static CONST_ALIGINED u8 pinyin_nuan[] = {0x0A, 0x0C, 0x16, 0x2A, 0xFF};
static CONST_ALIGINED u8 pinyin_nue[] = {0x0A, 0x0D, 0x0A, 0x0E, 0x12, 0x20, 0xFF};
static CONST_ALIGINED u8 pinyin_nuo[] = {0x0A, 0x0F, 0x0A, 0x12, 0x0A, 0x10, 0x0A, 0x11, 0x09, 0xBE, 0x14, 0x34, 0x11, 0xBF, 0x1A, 0x0F, 0x13, 0xD0, 0x09, 0xBB, 0x09, 0xBA, 0x03, 0x3B, 0x09, 0xBD, 0x09, 0xC7, 0x0E, 0x73, 0xFF};
static CONST_ALIGINED u8 pinyin_nv[] = {0x0A, 0x0B, 0x1C, 0xDF, 0x19, 0xBC, 0x19, 0x33, 0x14, 0xEA, 0x0E, 0x80, 0x18, 0x91, 0xFF};
static CONST_ALIGINED u8 pinyin_nve[] = {0x0A, 0x0D, 0x0A, 0x0E, 0x12, 0x20, 0xFF};
static CONST_ALIGINED u8 pinyin_o[] = {0x0A, 0x13, 0x14, 0x54, 0x14, 0x7A, 0xFF};
static CONST_ALIGINED u8 pinyin_ou[] = {0x0A, 0x19, 0x0A, 0x18, 0x0A, 0x14, 0x0A, 0x17, 0x0A, 0x15, 0x0B, 0x1A, 0x0A, 0x1A, 0x0A, 0x16, 0x15, 0x47, 0x18, 0x1D, 0x11, 0xF6, 0x1C, 0x07, 0x07, 0xE7, 0x0D, 0x9B, 0x15, 0xF4, 0x16, 0xDC, 0x0F, 0xA4, 0xFF};
static CONST_ALIGINED u8 pinyin_pa[] = {0x0A, 0x1F, 0x0A, 0x1D, 0x0A, 0x1C, 0x0A, 0x1B, 0x01, 0x31, 0x01, 0x26, 0x0A, 0x1E, 0x0A, 0x20, 0x0A, 0x26, 0x1C, 0xB6, 0x17, 0x72, 0x13, 0x5B, 0x01, 0x27, 0x01, 0x28, 0x01, 0x30, 0x01, 0x24, 0x19, 0xC6, 0xFF};
static CONST_ALIGINED u8 pinyin_pai[] = {0x0A, 0x26, 0x0A, 0x22, 0x0A, 0x21, 0x0A, 0x23, 0x0A, 0x83, 0x0A, 0x24, 0x0A, 0x25, 0x14, 0x1D, 0x11, 0xAC, 0x13, 0x5E, 0x03, 0xCB, 0x0A, 0x5D, 0xFF};
static CONST_ALIGINED u8 pinyin_pan[] = {0x0A, 0x2D, 0x0A, 0x29, 0x0A, 0x2B, 0x0A, 0x27, 0x0A, 0x2C, 0x0A, 0x28, 0x0A, 0x2E, 0x0A, 0x2A, 0x03, 0xAF, 0x01, 0x42, 0x0A, 0x33, 0x1A, 0xF1, 0x1C, 0x89, 0x1A, 0xD8, 0x15, 0xB9, 0x13, 0xAC, 0x15, 0x9C, 0x1D, 0x81, 0x01, 0x48, 0x01, 0x4A, 0x01, 0xA2, 0x16, 0x8B, 0x0B, 0xD1, 0x12, 0x81, 0x0E, 0xCE, 0x01, 0x41, 0x01, 0x47, 0x0A, 0x67, 0x1A, 0x5D, 0x03, 0xB4, 0x12, 0x6A, 0xFF};
static CONST_ALIGINED u8 pinyin_pang[] = {0x0A, 0x31, 0x0A, 0x33, 0x0A, 0x32, 0x0A, 0x30, 0x0A, 0x2F, 0x01, 0x51, 0x01, 0x54, 0x16, 0x0E, 0x14, 0xD7, 0x16, 0x50, 0x1C, 0x7B, 0x03, 0xC5, 0x01, 0x57, 0x0A, 0x4A, 0x03, 0xC2, 0x03, 0xC0, 0x13, 0x6B, 0x03, 0xED, 0x01, 0x56, 0xFF};
static CONST_ALIGINED u8 pinyin_pao[] = {0x0A, 0x39, 0x0A, 0x34, 0x0A, 0x37, 0x0A, 0x3A, 0x0A, 0x36, 0x0A, 0x38, 0x0A, 0x35, 0x14, 0xED, 0x13, 0xA2, 0x15, 0x33, 0x1A, 0x97, 0x18, 0xAD, 0x01, 0x5B, 0x01, 0x64, 0x01, 0x5A, 0x01, 0x59, 0x18, 0xD1, 0x01, 0x68, 0xFF};
static CONST_ALIGINED u8 pinyin_pei[] = {0x0A, 0x40, 0x0A, 0x41, 0x0A, 0x3F, 0x0A, 0x3B, 0x0A, 0x3C, 0x0A, 0x42, 0x0A, 0x3D, 0x0A, 0x43, 0x0A, 0x3E, 0x18, 0xDF, 0x1A, 0x16, 0x14, 0x96, 0x1D, 0x46, 0x1D, 0xA4, 0x14, 0x6A, 0x01, 0x73, 0x03, 0xCB, 0x05, 0x42, 0x16, 0x7E, 0x13, 0xBC, 0x15, 0xE1, 0x16, 0x79, 0x12, 0xEA, 0x1C, 0x5A, 0xFF};
static CONST_ALIGINED u8 pinyin_pen[] = {0x0A, 0x44, 0x0A, 0x45, 0x15, 0xF1, 0x03, 0xD7, 0x01, 0x7B, 0x03, 0xDD, 0xFF};
static CONST_ALIGINED u8 pinyin_peng[] = {0x0A, 0x53, 0x0A, 0x52, 0x0A, 0x4C, 0x0A, 0x46, 0x0A, 0x4B, 0x0A, 0x50, 0x0A, 0x4A, 0x0A, 0x51, 0x0A, 0x48, 0x0A, 0x4D, 0x0A, 0x4F, 0x0A, 0x47, 0x0A, 0x49, 0x0A, 0x4E, 0x15, 0x52, 0x12, 0xB3, 0x1C, 0x87, 0x14, 0x74, 0x05, 0x0F, 0x01, 0x57, 0x10, 0xDE, 0x0A, 0x31, 0x16, 0x0E, 0x0A, 0x76, 0x01, 0x82, 0x03, 0xED, 0xFF};
static CONST_ALIGINED u8 pinyin_pi[] = {0x0A, 0x57, 0x0A, 0x5F, 0x0A, 0x58, 0x0A, 0x60, 0x0A, 0x59, 0x01, 0x96, 0x0A, 0x54, 0x0A, 0x63, 0x0A, 0x5D, 0x0A, 0x62, 0x0A, 0x5E, 0x0A, 0x61, 0x0A, 0x56, 0x0A, 0x5A, 0x0A, 0x5B, 0x0A, 0x5C, 0x0A, 0x64, 0x0A, 0x55, 0x03, 0xF4, 0x1D, 0x93, 0x11, 0x38, 0x12, 0x90, 0x16, 0xA9, 0x1A, 0xC1, 0x11, 0x83, 0x13, 0xDD, 0x12, 0x63, 0x18, 0x22, 0x17, 0x68, 0x19, 0x8F, 0x1C, 0x5E, 0x12, 0xC3, 0x12, 0x52, 0x13, 0xF6, 0x12, 0x3F, 0x19, 0xD8, 0x15, 0x30, 0x19, 0xA9, 0x12, 0xB1, 0x16, 0xE2, 0x12, 0x46, 0x15, 0xE1, 0x14, 0x84, 0x1C, 0x2E, 0x1A, 0xE4, 0x11, 0xB1, 0x04, 0x1B, 0x01, 0x6D, 0x05, 0x42, 0x0A, 0x3D, 0x14, 0x96, 0x01, 0x90, 0x15, 0x39, 0x0A, 0x86, 0x04, 0x03, 0x01, 0x85, 0x16, 0x2C, 0x1A, 0xF2, 0x1A, 0x9F, 0x1C, 0xCC, 0x12, 0xD7, 0x12, 0xE8, 0x13, 0x42, 0x13, 0x83, 0x01, 0x55, 0x01, 0x78, 0x12, 0x6A, 0x19, 0xBD, 0x0A, 0x7F, 0xFF};
static CONST_ALIGINED u8 pinyin_pian[] = {0x0A, 0x67, 0x0A, 0x65, 0x0A, 0x68, 0x0A, 0x66, 0x01, 0xA0, 0x01, 0x9F, 0x1D, 0x22, 0x17, 0x0B, 0x18, 0x66, 0x16, 0xCB, 0x18, 0xA7, 0x1D, 0x7E, 0x12, 0x28, 0x0A, 0x78, 0x1C, 0x70, 0x1A, 0xEB, 0x01, 0xA4, 0xFF};
static CONST_ALIGINED u8 pinyin_pianpang[] = {0x1A, 0x8C, 0x12, 0x38, 0x19, 0x40, 0x11, 0x5F, 0x16, 0xDB, 0x12, 0xC5, 0x1C, 0x25, 0x11, 0xDE, 0x13, 0x9A, 0x15, 0x41, 0x16, 0x6A, 0x11, 0x78, 0x11, 0x7A, 0x13, 0xA3, 0x16, 0x36, 0x11, 0x67, 0x19, 0x12, 0x11, 0x4D, 0x13, 0xA7, 0x11, 0xEA, 0x18, 0x80, 0x11, 0x3E, 0x19, 0x1B, 0x15, 0x1B, 0x15, 0x1C, 0x11, 0x40, 0x16, 0x7C, 0x16, 0x45, 0x11, 0xEF, 0x14, 0xE4, 0x19, 0xB1, 0x14, 0xE5, 0x14, 0x89, 0x11, 0xD7, 0x12, 0x36, 0x12, 0x7C, 0x1A, 0xD2, 0x15, 0x9B, 0x12, 0x7D, 0x15, 0x9E, 0x11, 0xF2, 0xFF};
static CONST_ALIGINED u8 pinyin_piao[] = {0x0A, 0x6C, 0x0A, 0x69, 0x0A, 0x6A, 0x0A, 0x6B, 0x0A, 0x8E, 0x1C, 0x7F, 0x13, 0x2C, 0x16, 0xB0, 0x19, 0x96, 0x17, 0xED, 0x17, 0x17, 0x14, 0x6D, 0x16, 0xD6, 0x11, 0x73, 0x01, 0xA9, 0x1E, 0x33, 0xFF};
static CONST_ALIGINED u8 pinyin_pie[] = {0x0A, 0x6E, 0x0A, 0x6D, 0x18, 0x77, 0x12, 0xE8, 0x11, 0x40, 0x03, 0xD1, 0x01, 0x8B, 0xFF};
static CONST_ALIGINED u8 pinyin_pin[] = {0x0A, 0x72, 0x0A, 0x71, 0x0A, 0x73, 0x0A, 0x6F, 0x0A, 0x70, 0x16, 0xAB, 0x17, 0xB4, 0x16, 0x92, 0x18, 0x5E, 0x1C, 0x24, 0x11, 0x41, 0x16, 0x95, 0x13, 0xAC, 0x01, 0x80, 0xFF};
static CONST_ALIGINED u8 pinyin_ping[] = {0x0A, 0x78, 0x0A, 0x79, 0x0A, 0x7A, 0x0A, 0x7B, 0x0A, 0x7C, 0x0A, 0x74, 0x0A, 0x77, 0x0A, 0x76, 0x0A, 0x75, 0x03, 0xEE, 0x16, 0x95, 0x1D, 0xCA, 0x17, 0x79, 0x11, 0xA6, 0x0A, 0x46, 0x02, 0x55, 0xFF};
static CONST_ALIGINED u8 pinyin_po[] = {0x0A, 0x81, 0x0A, 0x7D, 0x0A, 0x7F, 0x0A, 0x80, 0x0A, 0x7E, 0x0A, 0x83, 0x01, 0xCF, 0x0A, 0x82, 0x0A, 0x8E, 0x03, 0xB4, 0x0A, 0x84, 0x1C, 0xA2, 0x1A, 0x5D, 0x19, 0xB4, 0x12, 0x3F, 0x12, 0x6A, 0x18, 0x23, 0x11, 0x60, 0x17, 0x33, 0x19, 0xCB, 0x16, 0x05, 0x01, 0xCD, 0x1D, 0x65, 0x01, 0x33, 0xFF};
static CONST_ALIGINED u8 pinyin_pou[] = {0x0A, 0x85, 0x13, 0xBC, 0x11, 0xE5, 0x0A, 0x3D, 0x01, 0x64, 0x04, 0x0C, 0x01, 0x5C, 0x1D, 0x75, 0x01, 0xDA, 0x1A, 0x16, 0xFF};
static CONST_ALIGINED u8 pinyin_pu[] = {0x0A, 0x86, 0x0A, 0x87, 0x0A, 0x92, 0x04, 0x16, 0x0A, 0x88, 0x0A, 0x8C, 0x0A, 0x8A, 0x0A, 0x8E, 0x0A, 0x8B, 0x0A, 0x93, 0x0A, 0x89, 0x0A, 0x94, 0x0A, 0x8D, 0x0A, 0x8F, 0x0A, 0x91, 0x01, 0x61, 0x0A, 0x90, 0x01, 0x66, 0x1A, 0x3C, 0x14, 0x77, 0x11, 0xD8, 0x16, 0x05, 0x16, 0x2B, 0x18, 0x75, 0x1D, 0x85, 0x17, 0x58, 0x1A, 0x38, 0x01, 0x5D, 0x01, 0xD2, 0x04, 0x02, 0x18, 0x23, 0x18, 0x80, 0x04, 0x10, 0x12, 0xF0, 0xFF};
static CONST_ALIGINED u8 pinyin_qi[] = {0x0A, 0xAB, 0x0A, 0x9F, 0x0A, 0x9A, 0x0A, 0xB3, 0x0A, 0x95, 0x0A, 0xA6, 0x0A, 0xB2, 0x0A, 0x99, 0x0A, 0xAA, 0x0A, 0xB6, 0x0A, 0xA0, 0x0A, 0xA1, 0x0A, 0x96, 0x0A, 0x9C, 0x0A, 0xAF, 0x0A, 0x98, 0x0A, 0x9D, 0x0A, 0xAC, 0x0A, 0xB1, 0x0A, 0xB5, 0x0A, 0xB7, 0x0A, 0xA9, 0x0A, 0x9B, 0x0A, 0xAE, 0x0A, 0xAD, 0x0A, 0xB0, 0x0A, 0xA2, 0x0A, 0xA8, 0x0A, 0x97, 0x0A, 0xA3, 0x0A, 0xA5, 0x0A, 0xA4, 0x05, 0x89, 0x0A, 0xB4, 0x05, 0x94, 0x0A, 0x9E, 0x0A, 0xB8, 0x0A, 0xA7, 0x19, 0x28, 0x1C, 0x16, 0x16, 0xCD, 0x14, 0xA2, 0x14, 0xA4, 0x1D, 0x82, 0x13, 0x36, 0x13, 0x84, 0x17, 0x8E, 0x19, 0x3B, 0x12, 0xE0, 0x13, 0x14, 0x13, 0x3B, 0x12, 0xCD, 0x15, 0x9F, 0x11, 0x4E, 0x1E, 0x01, 0x11, 0xA8, 0x17, 0xCF, 0x14, 0x6E, 0x1C, 0x4A, 0x1D, 0x27, 0x11, 0x52, 0x18, 0xCD, 0x17, 0x40, 0x1E, 0x47, 0x17, 0x42, 0x1C, 0x57, 0x12, 0x93, 0x17, 0x64, 0x13, 0x56, 0x19, 0x62, 0x15, 0xDC, 0x19, 0x24, 0x18, 0x34, 0x16, 0xF2, 0x11, 0x33, 0x05, 0xAA, 0x11, 0xB9, 0x0A, 0xE9, 0x02, 0xAC, 0x0A, 0xF3, 0x02, 0x56, 0x10, 0x79, 0x0C, 0x81, 0x05, 0xA5, 0x15, 0x46, 0x15, 0x4A, 0x19, 0x31, 0x05, 0xA7, 0x03, 0x1D, 0x18, 0x68, 0x07, 0x24, 0x10, 0x78, 0x10, 0x77, 0x05, 0xAE, 0x11, 0x0D, 0x01, 0x7F, 0x05, 0x88, 0x0C, 0x03, 0x1D, 0x28, 0x1D, 0x5B, 0x03, 0x5F, 0xFF};
static CONST_ALIGINED u8 pinyin_qia[] = {0x0A, 0xBA, 0x07, 0xB6, 0x0A, 0xB9, 0x0A, 0xBB, 0x1E, 0x23, 0x1A, 0xDA, 0x13, 0x4F, 0x14, 0x10, 0x07, 0xDB, 0x18, 0x68, 0x1A, 0x94, 0x1D, 0xD2, 0xFF};
static CONST_ALIGINED u8 pinyin_qian[] = {0x0A, 0xCC, 0x0A, 0xC0, 0x0A, 0xC9, 0x0A, 0xC7, 0x0A, 0xBC, 0x0A, 0xC2, 0x0A, 0xD0, 0x0A, 0xBF, 0x0A, 0xCF, 0x0A, 0xBE, 0x0A, 0xC1, 0x0A, 0xC8, 0x0A, 0xC5, 0x0A, 0xCD, 0x0A, 0xC4, 0x0A, 0xCA, 0x0A, 0xD1, 0x0D, 0xEF, 0x0A, 0xBD, 0x0A, 0xCB, 0x0A, 0xC6, 0x0A, 0xCE, 0x0A, 0xC3, 0x14, 0xA3, 0x19, 0xC1, 0x16, 0x41, 0x1C, 0xBE, 0x13, 0xBE, 0x16, 0x3E, 0x11, 0xAA, 0x15, 0x7A, 0x15, 0x64, 0x19, 0x38, 0x1C, 0x26, 0x12, 0xDF, 0x13, 0x1A, 0x17, 0x20, 0x11, 0xCC, 0x12, 0xC9, 0x12, 0x3A, 0x18, 0x93, 0x13, 0x02, 0x17, 0xA4, 0x18, 0x65, 0x16, 0x3D, 0x0A, 0x9B, 0x12, 0x7D, 0x10, 0x22, 0x15, 0x44, 0x13, 0xD5, 0x04, 0x36, 0x15, 0xD6, 0x05, 0xEE, 0x15, 0xF2, 0x07, 0x40, 0x1D, 0x03, 0x18, 0xB6, 0x04, 0x39, 0x1A, 0x0B, 0x1A, 0x81, 0x1D, 0xB0, 0xFF};
static CONST_ALIGINED u8 pinyin_qiang[] = {0x0A, 0xD6, 0x0A, 0xD8, 0x0A, 0xD2, 0x0A, 0xD9, 0x0A, 0xD4, 0x0A, 0xD3, 0x0A, 0xD5, 0x0A, 0xD7, 0x05, 0xF4, 0x1C, 0x55, 0x1D, 0x5E, 0x18, 0x14, 0x1A, 0xEF, 0x15, 0x9D, 0x18, 0xE9, 0x1A, 0x3E, 0x1A, 0x0E, 0x1A, 0x23, 0x1D, 0x03, 0x17, 0xCE, 0x16, 0xAF, 0x14, 0x0F, 0x0B, 0x0E, 0x07, 0xE6, 0x15, 0x9C, 0x1C, 0xB9, 0x1D, 0x56, 0xFF};
static CONST_ALIGINED u8 pinyin_qiao[] = {0x0A, 0xDE, 0x0A, 0xDF, 0x0A, 0xDC, 0x0A, 0xE2, 0x0A, 0xE5, 0x0A, 0xDB, 0x07, 0xD5, 0x0A, 0xE3, 0x0A, 0xE4, 0x0A, 0xDD, 0x0A, 0xE7, 0x0A, 0xE8, 0x0B, 0x38, 0x0A, 0xE0, 0x0A, 0xE1, 0x0A, 0xE6, 0x0A, 0xDA, 0x17, 0xD9, 0x13, 0x0C, 0x1D, 0x68, 0x19, 0x5C, 0x15, 0x7D, 0x12, 0x31, 0x1E, 0x12, 0x15, 0x77, 0x17, 0x21, 0x12, 0x13, 0x11, 0x75, 0x0E, 0x24, 0x14, 0xB7, 0x02, 0x70, 0x10, 0x43, 0x0B, 0xB1, 0x04, 0x4D, 0x18, 0x82, 0x0E, 0x2E, 0x18, 0x6F, 0x07, 0x0B, 0x0E, 0x22, 0x13, 0x15, 0x07, 0x08, 0x1D, 0x6D, 0x1D, 0x4E, 0x19, 0xED, 0x07, 0x10, 0xFF};
static CONST_ALIGINED u8 pinyin_qie[] = {0x0A, 0xE9, 0x0A, 0xEB, 0x0A, 0xEC, 0x0A, 0xED, 0x0A, 0xEA, 0x0A, 0xB1, 0x12, 0x5B, 0x1D, 0x2E, 0x15, 0x6A, 0x1A, 0x1A, 0x16, 0x8C, 0x1C, 0xBB, 0x15, 0x7A, 0x11, 0x93, 0x18, 0x68, 0x14, 0x3C, 0x14, 0x45, 0x0A, 0xB0, 0x16, 0x9E, 0x07, 0x2F, 0x0A, 0x9E, 0x0A, 0x9C, 0x18, 0xAC, 0x13, 0x81, 0x1D, 0xF0, 0xFF};
static CONST_ALIGINED u8 pinyin_qin[] = {0x0A, 0xF0, 0x0A, 0xF2, 0x0A, 0xEF, 0x0A, 0xF3, 0x0A, 0xF5, 0x0B, 0x00, 0x0A, 0xF1, 0x0A, 0xF4, 0x0B, 0x01, 0x0A, 0xF6, 0x0A, 0xEE, 0x14, 0x02, 0x1C, 0x14, 0x1A, 0xF6, 0x1C, 0xF3, 0x12, 0xDD, 0x16, 0x00, 0x15, 0x3C, 0x14, 0x56, 0x1C, 0x72, 0x14, 0x7B, 0x13, 0xC3, 0x17, 0xDA, 0x1A, 0x0B, 0x13, 0x39, 0x17, 0xCD, 0x07, 0x50, 0x0B, 0xD6, 0x13, 0x61, 0x13, 0x84, 0x1A, 0xD6, 0x1C, 0x19, 0xFF};
static CONST_ALIGINED u8 pinyin_qing[] = {0x0B, 0x0D, 0x0B, 0x03, 0x0B, 0x07, 0x0B, 0x02, 0x0B, 0x0B, 0x0B, 0x09, 0x0B, 0x04, 0x0B, 0x05, 0x0B, 0x0E, 0x0B, 0x08, 0x0B, 0x0C, 0x0A, 0xF0, 0x0B, 0x06, 0x0B, 0x0A, 0x14, 0x91, 0x1D, 0x9D, 0x17, 0xD6, 0x1C, 0xB9, 0x12, 0xEE, 0x1C, 0x56, 0x1E, 0x53, 0x1C, 0x95, 0x1D, 0xE3, 0x19, 0x6F, 0x1D, 0x28, 0x11, 0xAA, 0x0B, 0xD7, 0x07, 0x5B, 0x0B, 0xE0, 0xFF};
static CONST_ALIGINED u8 pinyin_qiong[] = {0x0B, 0x10, 0x0B, 0x0F, 0x1D, 0x56, 0x1A, 0xC7, 0x12, 0x4C, 0x1C, 0x42, 0x12, 0xF6, 0x1D, 0xBE, 0x1C, 0xA1, 0x07, 0x7F, 0xFF};
static CONST_ALIGINED u8 pinyin_qiu[] = {0x0B, 0x15, 0x0B, 0x14, 0x0B, 0x11, 0x0B, 0x12, 0x0B, 0x18, 0x02, 0x72, 0x0B, 0x13, 0x0B, 0x16, 0x0B, 0x17, 0x04, 0xB2, 0x17, 0xB6, 0x1C, 0x3E, 0x1C, 0xF6, 0x1D, 0x18, 0x1C, 0x6F, 0x12, 0x83, 0x16, 0x53, 0x11, 0xA3, 0x1C, 0x27, 0x18, 0x50, 0x1D, 0xF2, 0x14, 0xE6, 0x15, 0xED, 0x1E, 0x5B, 0x16, 0x5D, 0x0B, 0x1A, 0x0D, 0x2D, 0x0C, 0x81, 0x15, 0x6F, 0x15, 0x77, 0x11, 0xCA, 0x12, 0xC6, 0x12, 0x54, 0x19, 0xB2, 0x11, 0x49, 0x1A, 0x61, 0xFF};
static CONST_ALIGINED u8 pinyin_qu[] = {0x0B, 0x25, 0x0B, 0x21, 0x0B, 0x1A, 0x0B, 0x22, 0x0B, 0x20, 0x0B, 0x1C, 0x0B, 0x19, 0x0B, 0x24, 0x0B, 0x1E, 0x0B, 0x1F, 0x0B, 0x1B, 0x0B, 0x1D, 0x0B, 0x23, 0x0E, 0x72, 0x1C, 0x92, 0x13, 0x95, 0x19, 0x1F, 0x13, 0x78, 0x19, 0x70, 0x12, 0x72, 0x12, 0x06, 0x1A, 0x68, 0x15, 0x95, 0x1D, 0x2C, 0x1A, 0xC3, 0x14, 0xE3, 0x1E, 0x50, 0x17, 0x5A, 0x18, 0x76, 0x18, 0x5B, 0x1C, 0x47, 0x18, 0x9E, 0x1D, 0xBC, 0x14, 0xA5, 0x12, 0xD6, 0x07, 0x94, 0x07, 0x8E, 0x11, 0x21, 0x08, 0x24, 0x16, 0x65, 0x07, 0x7F, 0x1E, 0x15, 0x16, 0xC5, 0xFF};
static CONST_ALIGINED u8 pinyin_quan[] = {0x0B, 0x2D, 0x0B, 0x2A, 0x0B, 0x2E, 0x0B, 0x2B, 0x0B, 0x28, 0x0B, 0x30, 0x0B, 0x26, 0x0B, 0x2F, 0x0B, 0x27, 0x0B, 0x2C, 0x0B, 0x29, 0x19, 0xEA, 0x1C, 0xB1, 0x17, 0x02, 0x12, 0x0F, 0x18, 0x08, 0x19, 0x9D, 0x1E, 0x3B, 0x15, 0x69, 0x1C, 0x60, 0x13, 0x10, 0x07, 0x9D, 0x12, 0x8E, 0x0C, 0x4C, 0x17, 0x97, 0x14, 0xE5, 0x15, 0x16, 0x02, 0x9F, 0x1A, 0x8B, 0xFF};
static CONST_ALIGINED u8 pinyin_que[] = {0x0B, 0x34, 0x0B, 0x31, 0x0B, 0x37, 0x0B, 0x38, 0x0B, 0x33, 0x0B, 0x35, 0x0B, 0x32, 0x0B, 0x36, 0x15, 0x99, 0x15, 0x96, 0x19, 0x37, 0x07, 0xA6, 0x0B, 0x1E, 0x13, 0xE0, 0x08, 0xA7, 0x1C, 0xDD, 0x0B, 0xB4, 0x09, 0xE7, 0xFF};
static CONST_ALIGINED u8 pinyin_qun[] = {0x0B, 0x3A, 0x0B, 0x39, 0x1E, 0x44, 0x16, 0x56, 0x03, 0x82, 0xFF};
static CONST_ALIGINED u8 pinyin_ran[] = {0x0B, 0x3E, 0x0B, 0x3C, 0x0B, 0x3B, 0x0B, 0x3D, 0x1E, 0x36, 0x12, 0xED, 0x1C, 0x3C, 0xFF};
static CONST_ALIGINED u8 pinyin_rang[] = {0x0B, 0x43, 0x0B, 0x42, 0x0B, 0x3F, 0x0B, 0x41, 0x0B, 0x40, 0x1A, 0x58, 0x19, 0x2D, 0x0E, 0x0F, 0xFF};
static CONST_ALIGINED u8 pinyin_rao[] = {0x0B, 0x44, 0x0B, 0x46, 0x0B, 0x45, 0x13, 0x04, 0x17, 0x8A, 0x16, 0x8E, 0x09, 0xC9, 0x17, 0x1D, 0xFF};
static CONST_ALIGINED u8 pinyin_re[] = {0x0B, 0x48, 0x0B, 0x74, 0x0B, 0x47, 0x14, 0x34, 0x11, 0xAB, 0xFF};
static CONST_ALIGINED u8 pinyin_ren[] = {0x0B, 0x4B, 0x0B, 0x4E, 0x0B, 0x4C, 0x0B, 0x4F, 0x0B, 0x50, 0x0B, 0x4A, 0x0B, 0x4D, 0x0B, 0x51, 0x0B, 0x52, 0x0B, 0x49, 0x15, 0x20, 0x17, 0xF2, 0x11, 0x81, 0x13, 0x0E, 0x13, 0x51, 0x1A, 0xD5, 0x1A, 0x52, 0x11, 0x7A, 0x03, 0x9E, 0x19, 0x34, 0xFF};
static CONST_ALIGINED u8 pinyin_reng[] = {0x0B, 0x54, 0x0B, 0x53, 0x0B, 0x56, 0x1A, 0x58, 0x03, 0x9F, 0x12, 0xC7, 0xFF};
static CONST_ALIGINED u8 pinyin_ri[] = {0x0B, 0x55, 0xFF};
static CONST_ALIGINED u8 pinyin_rong[] = {0x0B, 0x5D, 0x0B, 0x5E, 0x0B, 0x5A, 0x0B, 0x5C, 0x0B, 0x5B, 0x0B, 0x59, 0x0B, 0x56, 0x0B, 0x58, 0x0B, 0x5F, 0x0B, 0x57, 0x17, 0xCA, 0x14, 0xEF, 0x14, 0xC3, 0x18, 0x8A, 0x1C, 0x65, 0x17, 0x11, 0x04, 0x5E, 0x0C, 0x6F, 0xFF};
static CONST_ALIGINED u8 pinyin_rou[] = {0x0B, 0x62, 0x0B, 0x60, 0x0B, 0x61, 0x1D, 0x17, 0x1D, 0x7F, 0x1E, 0x16, 0xFF};
static CONST_ALIGINED u8 pinyin_ru[] = {0x0B, 0x67, 0x0B, 0x6B, 0x0B, 0x6A, 0x0B, 0x65, 0x0B, 0x63, 0x0B, 0x69, 0x0B, 0x6C, 0x0B, 0x68, 0x0B, 0x64, 0x0B, 0x66, 0x13, 0x63, 0x1A, 0xF0, 0x19, 0xF3, 0x14, 0x85, 0x17, 0x11, 0x16, 0x2A, 0x13, 0x8F, 0x1C, 0x23, 0x16, 0x07, 0x15, 0xCF, 0x0A, 0x0B, 0x0F, 0xCE, 0x0B, 0x62, 0x0E, 0x73, 0xFF};
static CONST_ALIGINED u8 pinyin_ruan[] = {0x0B, 0x6D, 0x0B, 0x6E, 0x18, 0x8D, 0x16, 0x2A, 0x0E, 0x73, 0xFF};
static CONST_ALIGINED u8 pinyin_rui[] = {0x0B, 0x70, 0x0B, 0x6F, 0x0B, 0x71, 0x19, 0x90, 0x12, 0xD9, 0x1C, 0x2F, 0x17, 0x6B, 0x13, 0x7F, 0x03, 0x77, 0x09, 0xD0, 0x0C, 0x8A, 0x09, 0xBC, 0xFF};
static CONST_ALIGINED u8 pinyin_run[] = {0x0B, 0x73, 0x0B, 0x72, 0xFF};
static CONST_ALIGINED u8 pinyin_ruo[] = {0x0B, 0x74, 0x0B, 0x75, 0x1C, 0xBD, 0x11, 0xAB, 0x0B, 0x47, 0x09, 0xDD, 0x12, 0xD9, 0xFF};
static CONST_ALIGINED u8 pinyin_sa[] = {0x0B, 0x76, 0x0B, 0x77, 0x0B, 0x78, 0x18, 0x69, 0x11, 0x7E, 0x11, 0x37, 0x18, 0xD2, 0x18, 0xA5, 0x17, 0xE4, 0x01, 0xE7, 0xFF};
static CONST_ALIGINED u8 pinyin_sai[] = {0x0B, 0x7B, 0x0B, 0x79, 0x0B, 0x7A, 0x0C, 0x5F, 0x0B, 0x7C, 0x14, 0x83, 0xFF};
static CONST_ALIGINED u8 pinyin_san[] = {0x0B, 0x7D, 0x0B, 0x80, 0x0B, 0x7F, 0x0B, 0x7E, 0x15, 0x2D, 0x1D, 0x12, 0x18, 0x71, 0x1D, 0xA9, 0x01, 0xE9, 0xFF};
static CONST_ALIGINED u8 pinyin_sang[] = {0x0B, 0x81, 0x0B, 0x83, 0x0B, 0x82, 0x1C, 0x21, 0x19, 0x6E, 0x13, 0xD1, 0xFF};
static CONST_ALIGINED u8 pinyin_sao[] = {0x0B, 0x86, 0x0B, 0x87, 0x0B, 0x84, 0x0B, 0x85, 0x0B, 0xB0, 0x12, 0xB5, 0x1D, 0xF6, 0x18, 0xC7, 0x17, 0x1B, 0x1A, 0xB0, 0x0B, 0xB8, 0x10, 0x04, 0x17, 0x21, 0xFF};
static CONST_ALIGINED u8 pinyin_se[] = {0x0B, 0x89, 0x0B, 0x8A, 0x0B, 0x88, 0x0B, 0x7B, 0x11, 0x55, 0x19, 0xEF, 0x1A, 0x55, 0x10, 0x22, 0x17, 0xCF, 0x0A, 0xB7, 0x11, 0x0D, 0x0A, 0xD7, 0x19, 0xD6, 0x19, 0xEC, 0xFF};
static CONST_ALIGINED u8 pinyin_sen[] = {0x0B, 0x8B, 0x02, 0x18, 0x0B, 0xD6, 0xFF};
static CONST_ALIGINED u8 pinyin_seng[] = {0x0B, 0x8C, 0xFF};
static CONST_ALIGINED u8 pinyin_sha[] = {0x0B, 0x93, 0x0B, 0x8F, 0x0B, 0x91, 0x0B, 0x94, 0x0B, 0x92, 0x0B, 0x8E, 0x0B, 0x90, 0x0B, 0x8D, 0x0D, 0xE7, 0x0B, 0x95, 0x0B, 0x9A, 0x14, 0x60, 0x14, 0x3C, 0x1D, 0xE0, 0x1D, 0xA6, 0x19, 0xEC, 0x1A, 0xA2, 0x1D, 0x00, 0x18, 0x69, 0x18, 0xCE, 0x0E, 0xF4, 0x07, 0x25, 0x0B, 0xC1, 0x0B, 0xBC, 0xFF};
static CONST_ALIGINED u8 pinyin_shai[] = {0x0B, 0x97, 0x0B, 0x96, 0x0B, 0x89, 0x1D, 0x41, 0xFF};
static CONST_ALIGINED u8 pinyin_shan[] = {0x0B, 0x9B, 0x0B, 0x9F, 0x0B, 0x9E, 0x0B, 0xA4, 0x0B, 0xA6, 0x0B, 0x9A, 0x0B, 0x9C, 0x0B, 0x9D, 0x02, 0xE3, 0x0B, 0x98, 0x02, 0x18, 0x0B, 0xA2, 0x10, 0x17, 0x0B, 0x99, 0x02, 0xE5, 0x0B, 0xA3, 0x0B, 0xA0, 0x0B, 0xA5, 0x0B, 0xA1, 0x0B, 0xA7, 0x16, 0xB5, 0x1C, 0x8A, 0x12, 0xE1, 0x19, 0x29, 0x1D, 0x61, 0x12, 0x6B, 0x16, 0x20, 0x1E, 0x0C, 0x16, 0x8B, 0x11, 0x70, 0x16, 0xD5, 0x1A, 0x90, 0x18, 0xC8, 0x11, 0xF5, 0x19, 0xB9, 0x1C, 0xE1, 0x12, 0xA3, 0x11, 0xC8, 0x14, 0xE4, 0x02, 0x17, 0x0C, 0xB5, 0x16, 0x27, 0x03, 0x12, 0x02, 0x20, 0x1E, 0x33, 0xFF};
static CONST_ALIGINED u8 pinyin_shang[] = {0x0B, 0xAD, 0x0B, 0xA9, 0x0B, 0xAE, 0x0B, 0xAA, 0x0B, 0xAB, 0x0B, 0xAC, 0x0B, 0xA8, 0x0C, 0xC1, 0x0B, 0xAF, 0x19, 0x09, 0x1D, 0x96, 0x16, 0xF4, 0x17, 0xE9, 0x12, 0xA4, 0x02, 0x23, 0xFF};
static CONST_ALIGINED u8 pinyin_shao[] = {0x0B, 0xB7, 0x0B, 0xB3, 0x0B, 0xB1, 0x0B, 0xB8, 0x0B, 0xB5, 0x0B, 0xB0, 0x0B, 0xB2, 0x0B, 0xB9, 0x0B, 0xB6, 0x0B, 0xBA, 0x0B, 0xB4, 0x10, 0x4C, 0x0A, 0xE3, 0x13, 0x01, 0x12, 0x73, 0x16, 0x21, 0x1C, 0xEC, 0x1C, 0x50, 0x1C, 0xB7, 0x0E, 0x24, 0x10, 0x43, 0x0C, 0x74, 0x15, 0xEE, 0x1C, 0xA9, 0x16, 0xEF, 0xFF};
static CONST_ALIGINED u8 pinyin_she[] = {0x0B, 0xC5, 0x0B, 0xC2, 0x0B, 0xBD, 0x0B, 0xC6, 0x0B, 0xBE, 0x0B, 0xC1, 0x0B, 0xBF, 0x10, 0x4E, 0x0B, 0xC4, 0x0B, 0xBC, 0x0B, 0xC0, 0x0B, 0xC3, 0x0B, 0xBB, 0x18, 0xD0, 0x11, 0x58, 0x19, 0xA1, 0x15, 0x07, 0x1E, 0x49, 0x16, 0x02, 0x11, 0xCB, 0x0B, 0xEC, 0x13, 0xC0, 0x07, 0x30, 0x03, 0x41, 0x09, 0xEA, 0x1C, 0x49, 0xFF};
static CONST_ALIGINED u8 pinyin_shei[] = {0x0C, 0x50, 0xFF};
static CONST_ALIGINED u8 pinyin_shen[] = {0x0B, 0xCF, 0x0B, 0xCB, 0x0B, 0xCA, 0x0B, 0xCC, 0x0B, 0xD2, 0x0B, 0xD3, 0x0B, 0xD6, 0x0B, 0xD4, 0x0B, 0xD1, 0x0B, 0xC8, 0x0B, 0xD0, 0x0B, 0xCE, 0x0B, 0xC9, 0x01, 0xE9, 0x0B, 0xC7, 0x0B, 0xEE, 0x0B, 0xCD, 0x0B, 0xD5, 0x13, 0x51, 0x1D, 0x12, 0x13, 0x30, 0x12, 0x0D, 0x12, 0x1B, 0x1A, 0x46, 0x17, 0xAE, 0x15, 0xE6, 0x1C, 0x4E, 0x14, 0x11, 0x18, 0x99, 0x0E, 0x50, 0x14, 0x03, 0x13, 0xAA, 0x10, 0x63, 0xFF};
static CONST_ALIGINED u8 pinyin_sheng[] = {0x0B, 0xD7, 0x0B, 0xDD, 0x0B, 0xDF, 0x0B, 0xD8, 0x0B, 0xDB, 0x0B, 0xDC, 0x0B, 0xE0, 0x0B, 0xDE, 0x0B, 0xE1, 0x0B, 0xD9, 0x0B, 0xDA, 0x02, 0x4D, 0x18, 0x35, 0x15, 0xE2, 0x19, 0x81, 0x1C, 0xA4, 0x14, 0xCD, 0x11, 0x3A, 0x11, 0xED, 0x12, 0x85, 0x0E, 0x60, 0x18, 0xBE, 0x03, 0x30, 0xFF};
static CONST_ALIGINED u8 pinyin_shi[] = {0x0C, 0x0C, 0x0B, 0xF5, 0x0B, 0xEA, 0x0B, 0xED, 0x0C, 0x07, 0x0C, 0x17, 0x0C, 0x15, 0x0B, 0xEB, 0x0B, 0xE2, 0x0C, 0x19, 0x0B, 0xF3, 0x0C, 0x02, 0x0B, 0xF2, 0x0B, 0xE9, 0x0B, 0xF4, 0x0B, 0xEC, 0x0B, 0xF6, 0x0C, 0x00, 0x0C, 0x01, 0x0C, 0x69, 0x0E, 0x75, 0x0C, 0x03, 0x0C, 0x04, 0x0C, 0x05, 0x0C, 0x06, 0x02, 0x59, 0x0C, 0x08, 0x0C, 0x09, 0x0C, 0x0A, 0x0C, 0x0B, 0x0B, 0xEE, 0x10, 0x84, 0x10, 0x96, 0x0C, 0x0D, 0x0C, 0x0E, 0x0B, 0xE3, 0x0C, 0x0F, 0x0C, 0x10, 0x0C, 0x11, 0x0C, 0x12, 0x0C, 0x13, 0x0C, 0x14, 0x0B, 0xE4, 0x0B, 0xEF, 0x0C, 0x16, 0x0B, 0xF0, 0x0C, 0x18, 0x0B, 0xF1, 0x0B, 0xE5, 0x0B, 0xE6, 0x0B, 0xE7, 0x0B, 0xE8, 0x1D, 0x53, 0x13, 0x23, 0x12, 0xA9, 0x19, 0xD3, 0x1C, 0x97, 0x1D, 0xDD, 0x1D, 0xED, 0x18, 0x47, 0x18, 0x06, 0x13, 0x62, 0x1C, 0xB4, 0x18, 0xEA, 0x12, 0x2C, 0x13, 0xE6, 0x1D, 0x41, 0x1C, 0x7C, 0x14, 0x30, 0x03, 0x13, 0x0C, 0x65, 0x16, 0x6C, 0x0C, 0xE2, 0x0C, 0x5C, 0x10, 0x7E, 0x0F, 0x0A, 0x19, 0x1B, 0x0B, 0x96, 0x0F, 0x3F, 0x18, 0x34, 0x10, 0x7C, 0x0B, 0xBF, 0x05, 0x04, 0x04, 0xE8, 0x19, 0xD5, 0x19, 0xEC, 0x15, 0x1C, 0x15, 0x22, 0xFF};
static CONST_ALIGINED u8 pinyin_shou[] = {0x0C, 0x1C, 0x0C, 0x1B, 0x0C, 0x21, 0x0C, 0x1A, 0x0C, 0x1D, 0x0C, 0x22, 0x0C, 0x1F, 0x0C, 0x23, 0x0C, 0x20, 0x0C, 0x31, 0x0C, 0x1E, 0x1C, 0xEF, 0x14, 0xF1, 0x17, 0x00, 0x13, 0xA7, 0x0C, 0xCF, 0xFF};
static CONST_ALIGINED u8 pinyin_shu[] = {0x0C, 0x2E, 0x0C, 0x3C, 0x0C, 0x42, 0x0C, 0x31, 0x0C, 0x29, 0x0C, 0x26, 0x0C, 0x2A, 0x0C, 0x39, 0x0C, 0x3D, 0x0C, 0x3A, 0x0C, 0x3B, 0x0C, 0x36, 0x0C, 0x37, 0x0C, 0x38, 0x0C, 0x2C, 0x0C, 0x2F, 0x0C, 0x30, 0x0C, 0x24, 0x0C, 0x2D, 0x0C, 0x3E, 0x0C, 0x3F, 0x0C, 0x40, 0x0C, 0x41, 0x0C, 0x32, 0x0C, 0x43, 0x0C, 0x44, 0x0C, 0x25, 0x0C, 0x33, 0x0C, 0x27, 0x0C, 0x28, 0x0C, 0x34, 0x0C, 0x35, 0x0C, 0x2B, 0x16, 0x8F, 0x13, 0xCA, 0x1A, 0x4C, 0x16, 0xE3, 0x15, 0xAF, 0x18, 0x72, 0x18, 0xBC, 0x12, 0x87, 0x13, 0x3D, 0x18, 0xD7, 0x16, 0x1E, 0x11, 0xAE, 0x0F, 0x8F, 0x0C, 0x20, 0x0C, 0x77, 0x0B, 0x22, 0x13, 0xC4, 0x10, 0xBD, 0x17, 0x73, 0x15, 0xD0, 0x1A, 0xF2, 0x13, 0x2A, 0x13, 0x8B, 0x0F, 0xB1, 0x0D, 0x20, 0x0F, 0x00, 0x1A, 0x41, 0x02, 0x7F, 0x1A, 0x88, 0xFF};
static CONST_ALIGINED u8 pinyin_shua[] = {0x0C, 0x45, 0x0C, 0x46, 0x14, 0x43, 0x0C, 0x97, 0x15, 0xE9, 0x0E, 0x8A, 0xFF};
static CONST_ALIGINED u8 pinyin_shuai[] = {0x0C, 0x49, 0x0C, 0x47, 0x09, 0x04, 0x0C, 0x4A, 0x0C, 0x48, 0x1C, 0x85, 0x0C, 0x8A, 0xFF};
static CONST_ALIGINED u8 pinyin_shuan[] = {0x0C, 0x4B, 0x0C, 0x4C, 0x15, 0x84, 0x15, 0xE9, 0x0B, 0xA5, 0x1D, 0x79, 0xFF};
static CONST_ALIGINED u8 pinyin_shuang[] = {0x0C, 0x4E, 0x0C, 0x4D, 0x0C, 0x4F, 0x15, 0xB0, 0x16, 0xB9, 0x15, 0xE5, 0xFF};
static CONST_ALIGINED u8 pinyin_shui[] = {0x0C, 0x51, 0x0C, 0x50, 0x0C, 0x52, 0x0C, 0x53, 0x0C, 0x58, 0x15, 0x9E, 0xFF};
static CONST_ALIGINED u8 pinyin_shun[] = {0x0C, 0x56, 0x0C, 0x54, 0x0C, 0x55, 0x0C, 0x57, 0x07, 0xAF, 0x17, 0x26, 0x0E, 0x9B, 0x15, 0x5F, 0xFF};
static CONST_ALIGINED u8 pinyin_shuo[] = {0x0C, 0x58, 0x0C, 0x42, 0x0C, 0x59, 0x0C, 0x5B, 0x0C, 0x5A, 0x13, 0xCE, 0x16, 0x7D, 0x17, 0xC8, 0x13, 0x6D, 0x19, 0xD2, 0x14, 0x66, 0x0C, 0x77, 0x0C, 0x80, 0x16, 0x2E, 0x0E, 0xF0, 0xFF};
static CONST_ALIGINED u8 pinyin_shw[] = {0x10, 0x4E, 0xFF};
static CONST_ALIGINED u8 pinyin_si[] = {0x0C, 0x67, 0x0C, 0x63, 0x0C, 0x62, 0x0C, 0x5D, 0x0C, 0x69, 0x0C, 0x60, 0x0C, 0x5E, 0x0C, 0x5F, 0x0C, 0x65, 0x0C, 0x61, 0x0C, 0x5C, 0x0B, 0xEF, 0x0C, 0x68, 0x02, 0x02, 0x0C, 0x64, 0x0C, 0x6A, 0x0C, 0x66, 0x0C, 0x6B, 0x1C, 0x03, 0x16, 0xC3, 0x11, 0xDD, 0x1C, 0x46, 0x11, 0x5C, 0x15, 0xA0, 0x1A, 0x1C, 0x15, 0xB3, 0x1C, 0xA8, 0x14, 0x0E, 0x1A, 0x6A, 0x16, 0x88, 0x12, 0x80, 0x17, 0x0A, 0x19, 0x1C, 0x16, 0x1F, 0x11, 0xA8, 0x0F, 0x24, 0x0C, 0xA9, 0x14, 0xDD, 0x0D, 0xBC, 0x19, 0x25, 0x1D, 0x25, 0x16, 0xDB, 0x0F, 0x2E, 0x13, 0x37, 0x1A, 0x48, 0x15, 0x23, 0xFF};
static CONST_ALIGINED u8 pinyin_song[] = {0x0C, 0x70, 0x0C, 0x6C, 0x0C, 0x6D, 0x0C, 0x71, 0x0C, 0x6F, 0x0C, 0x73, 0x0C, 0x6E, 0x0C, 0x72, 0x1A, 0xC5, 0x13, 0x38, 0x15, 0xDE, 0x15, 0x63, 0x14, 0xCE, 0x11, 0xEE, 0x14, 0xBC, 0x15, 0x4D, 0x1A, 0x1C, 0xFF};
static CONST_ALIGINED u8 pinyin_sou[] = {0x0C, 0x75, 0x0C, 0x74, 0x0C, 0x76, 0x0C, 0x77, 0x14, 0x71, 0x14, 0x4E, 0x18, 0xD4, 0x12, 0x79, 0x13, 0x8B, 0x1A, 0x1F, 0x15, 0x29, 0x19, 0x91, 0x15, 0xEE, 0x1C, 0x6B, 0x18, 0x81, 0x11, 0x1D, 0x15, 0xD0, 0xFF};
static CONST_ALIGINED u8 pinyin_su[] = {0x0C, 0x7B, 0x0C, 0x7C, 0x0C, 0x82, 0x0C, 0x7F, 0x0C, 0x81, 0x0C, 0x7A, 0x0C, 0x78, 0x0C, 0x83, 0x0C, 0x7D, 0x0C, 0x79, 0x0C, 0x98, 0x0C, 0x80, 0x0C, 0x7E, 0x15, 0x79, 0x1C, 0xCE, 0x1D, 0x9A, 0x1D, 0xCD, 0x11, 0xDC, 0x14, 0x58, 0x12, 0x2B, 0x13, 0x71, 0x15, 0xD0, 0x14, 0x4E, 0x01, 0x40, 0xFF};
static CONST_ALIGINED u8 pinyin_suan[] = {0x0C, 0x84, 0x0C, 0x86, 0x0C, 0x85, 0x15, 0x02, 0x10, 0xDA, 0x0E, 0x8A, 0xFF};
static CONST_ALIGINED u8 pinyin_sui[] = {0x0C, 0x8D, 0x0C, 0x8F, 0x0C, 0x89, 0x0C, 0x8C, 0x0C, 0x87, 0x0C, 0x8E, 0x09, 0xE8, 0x0C, 0x88, 0x0C, 0x8B, 0x0C, 0x8A, 0x0C, 0x90, 0x0C, 0x91, 0x19, 0x84, 0x12, 0x1D, 0x16, 0x25, 0x16, 0x68, 0x19, 0x0E, 0x13, 0x2D, 0x19, 0x8E, 0x02, 0xC2, 0x0B, 0x8D, 0x0C, 0x95, 0x0F, 0x15, 0xFF};
static CONST_ALIGINED u8 pinyin_sun[] = {0x0C, 0x92, 0x0C, 0x93, 0x0C, 0x94, 0x17, 0xC3, 0x13, 0x1E, 0x15, 0x19, 0x14, 0xF2, 0x1D, 0xB8, 0x0C, 0x3C, 0x1D, 0x6A, 0x01, 0xE8, 0xFF};
static CONST_ALIGINED u8 pinyin_suo[] = {0x0C, 0x9C, 0x0C, 0x98, 0x0C, 0x9B, 0x0C, 0x99, 0x0C, 0x9A, 0x0C, 0x96, 0x0C, 0x95, 0x0B, 0x8D, 0x0C, 0x97, 0x18, 0x69, 0x19, 0x8B, 0x14, 0x66, 0x14, 0x2D, 0x17, 0x9F, 0x14, 0x5E, 0x16, 0x98, 0x1D, 0x04, 0x0E, 0x34, 0x0C, 0x8D, 0x02, 0x2F, 0x0B, 0x91, 0x0D, 0xC4, 0x0C, 0x48, 0x16, 0x56, 0x05, 0x81, 0xFF};
static CONST_ALIGINED u8 pinyin_ta[] = {0x0C, 0x9E, 0x0C, 0xA0, 0x0C, 0x9F, 0x0C, 0xA5, 0x0C, 0xA1, 0x0C, 0x9D, 0x0D, 0x40, 0x0C, 0xA2, 0x0C, 0xA3, 0x0C, 0xA4, 0x16, 0x08, 0x1D, 0x5B, 0x1E, 0x02, 0x19, 0x42, 0x17, 0xC2, 0x16, 0x16, 0x16, 0x61, 0x19, 0xD5, 0x15, 0x8A, 0x14, 0x46, 0x0C, 0xAC, 0x02, 0xCE, 0x0B, 0xE6, 0x02, 0xCF, 0x1E, 0x11, 0xFF};
static CONST_ALIGINED u8 pinyin_tai[] = {0x0C, 0xAC, 0x0C, 0xA8, 0x0C, 0xA9, 0x0C, 0xAD, 0x0C, 0xA6, 0x0C, 0xA7, 0x0C, 0xAA, 0x0C, 0xAB, 0x0C, 0xAE, 0x18, 0xEE, 0x18, 0x8E, 0x1D, 0x66, 0x13, 0xF3, 0x1D, 0xD0, 0x19, 0xBE, 0x13, 0x8E, 0x12, 0x56, 0x16, 0xC8, 0x02, 0xD3, 0x09, 0xD2, 0x12, 0x07, 0xFF};
static CONST_ALIGINED u8 pinyin_tan[] = {0x0C, 0xB9, 0x0C, 0xBF, 0x0C, 0xBE, 0x0C, 0xB3, 0x02, 0xED, 0x0C, 0xBD, 0x0C, 0xB0, 0x0C, 0xB7, 0x0C, 0xB1, 0x0C, 0xB4, 0x0C, 0xB6, 0x0C, 0xBB, 0x0C, 0xBA, 0x0C, 0xC0, 0x0C, 0xB2, 0x0C, 0xB8, 0x0C, 0xAF, 0x0C, 0xB5, 0x0C, 0xBC, 0x19, 0xD0, 0x12, 0x64, 0x1A, 0x36, 0x1A, 0x18, 0x1C, 0x14, 0x16, 0x27, 0x18, 0x28, 0x19, 0x2F, 0x02, 0xE9, 0x02, 0xE5, 0x0B, 0xD0, 0x02, 0xEB, 0x10, 0x32, 0x0E, 0xC0, 0x02, 0xE6, 0x0C, 0xF3, 0x13, 0x1A, 0x13, 0x7D, 0x18, 0x52, 0xFF};
static CONST_ALIGINED u8 pinyin_tang[] = {0x0C, 0xCA, 0x0C, 0xCC, 0x0C, 0xC4, 0x0C, 0xC8, 0x0C, 0xC1, 0x0C, 0xC2, 0x0C, 0xCD, 0x0C, 0xC9, 0x0C, 0xCB, 0x0C, 0xC7, 0x0C, 0xC3, 0x0C, 0xC5, 0x0C, 0xC6, 0x1C, 0x80, 0x17, 0xD1, 0x1D, 0x06, 0x1D, 0x4B, 0x17, 0x50, 0x1A, 0x2F, 0x11, 0xBD, 0x15, 0x1D, 0x16, 0x0D, 0x1C, 0x06, 0x14, 0x97, 0x19, 0xF1, 0x1C, 0x7A, 0x02, 0xED, 0x08, 0x1E, 0x02, 0xF2, 0x19, 0xE2, 0x15, 0x90, 0xFF};
static CONST_ALIGINED u8 pinyin_tao[] = {0x0C, 0xD6, 0x0C, 0xD8, 0x0C, 0xCE, 0x0C, 0xD4, 0x0C, 0xD3, 0x0C, 0xD7, 0x0C, 0xD5, 0x0C, 0xCF, 0x0C, 0xD0, 0x0C, 0xD1, 0x0C, 0xD2, 0x11, 0x4C, 0x15, 0xC9, 0x19, 0x13, 0x14, 0x39, 0x1E, 0x31, 0x17, 0x61, 0x13, 0xEB, 0x0E, 0xED, 0x0C, 0xF5, 0x02, 0x71, 0x02, 0x73, 0x0D, 0x02, 0xFF};
static CONST_ALIGINED u8 pinyin_te[] = {0x0C, 0xD9, 0x19, 0x3A, 0x19, 0xF6, 0x19, 0x2E, 0x13, 0xE4, 0x09, 0xDA, 0x0C, 0x02, 0x02, 0xDB, 0xFF};
static CONST_ALIGINED u8 pinyin_tei[] = {0x13, 0xE4, 0xFF};
static CONST_ALIGINED u8 pinyin_teng[] = {0x0C, 0xDC, 0x0C, 0xDB, 0x0C, 0xDA, 0x0C, 0xDD, 0x18, 0xC2, 0xFF};
static CONST_ALIGINED u8 pinyin_ti[] = {0x0C, 0xE2, 0x0C, 0xE7, 0x0C, 0xE6, 0x0C, 0xE3, 0x0C, 0xE0, 0x0C, 0xE4, 0x0C, 0xEB, 0x0C, 0xDF, 0x0C, 0xDE, 0x0C, 0xE1, 0x0C, 0xE5, 0x0C, 0xEA, 0x0C, 0xE8, 0x0C, 0xE9, 0x0C, 0xEC, 0x1D, 0x48, 0x1A, 0x75, 0x16, 0xF0, 0x17, 0x07, 0x11, 0xB2, 0x1A, 0xE3, 0x16, 0x55, 0x13, 0x03, 0x15, 0x68, 0x03, 0x23, 0x10, 0x4E, 0x0C, 0x0C, 0x17, 0xAB, 0x03, 0x19, 0x19, 0x8A, 0x0C, 0x64, 0x12, 0x04, 0x12, 0x26, 0x0F, 0xCA, 0x02, 0xCF, 0x0D, 0xC3, 0xFF};
static CONST_ALIGINED u8 pinyin_tian[] = {0x0C, 0xED, 0x0C, 0xF0, 0x0C, 0xEE, 0x0C, 0xEF, 0x0C, 0xF1, 0x0C, 0xF3, 0x0C, 0xF2, 0x0C, 0xF4, 0x03, 0x2F, 0x13, 0xB4, 0x19, 0xD1, 0x15, 0x98, 0x15, 0x82, 0x17, 0xEA, 0x19, 0x9E, 0x03, 0x2B, 0x0D, 0x34, 0x14, 0x5D, 0x17, 0x90, 0x10, 0x27, 0x03, 0x28, 0x03, 0x30, 0x19, 0x9B, 0x0B, 0x99, 0x01, 0xEA, 0x1C, 0x3C, 0x1A, 0x0F, 0x10, 0x65, 0x03, 0x26, 0xFF};
static CONST_ALIGINED u8 pinyin_tiao[] = {0x0C, 0xF6, 0x0D, 0x02, 0x0C, 0xF5, 0x03, 0x3E, 0x0D, 0x00, 0x0D, 0x01, 0x1D, 0xAE, 0x1C, 0xA9, 0x19, 0x27, 0x1C, 0x5F, 0x1E, 0x37, 0x11, 0x9B, 0x1A, 0xCB, 0x1D, 0xDE, 0x13, 0x01, 0x1D, 0x0C, 0x14, 0x38, 0x0E, 0xED, 0x0C, 0xD3, 0x02, 0x6F, 0x02, 0x2E, 0x1D, 0x70, 0x19, 0xED, 0xFF};
static CONST_ALIGINED u8 pinyin_tie[] = {0x0D, 0x04, 0x0D, 0x03, 0x0D, 0x05, 0x13, 0x3F, 0x1E, 0x30, 0x10, 0x2F, 0x03, 0x42, 0x1A, 0x04, 0xFF};
static CONST_ALIGINED u8 pinyin_ting[] = {0x0D, 0x07, 0x0D, 0x0B, 0x0D, 0x0E, 0x0D, 0x06, 0x0D, 0x0C, 0x0D, 0x0F, 0x0D, 0x0D, 0x0D, 0x0A, 0x0D, 0x08, 0x0D, 0x09, 0x19, 0x9B, 0x13, 0x0B, 0x19, 0xE7, 0x13, 0x5C, 0x16, 0xA5, 0x1C, 0x48, 0x17, 0x8F, 0x1D, 0xA2, 0x03, 0x33, 0xFF};
static CONST_ALIGINED u8 pinyin_tong[] = {0x0D, 0x14, 0x0D, 0x10, 0x0D, 0x1C, 0x0D, 0x15, 0x0D, 0x18, 0x0D, 0x1A, 0x0D, 0x19, 0x0D, 0x1B, 0x0D, 0x17, 0x0D, 0x16, 0x0D, 0x11, 0x0D, 0x13, 0x03, 0x57, 0x03, 0x56, 0x0D, 0x12, 0x16, 0x22, 0x13, 0x08, 0x11, 0xC9, 0x19, 0x54, 0x14, 0xB6, 0x15, 0x5B, 0x11, 0x90, 0x14, 0x68, 0x12, 0xA1, 0x11, 0xC6, 0x0F, 0x6F, 0x03, 0x59, 0x19, 0x5E, 0x1C, 0xF1, 0x10, 0xA9, 0xFF};
static CONST_ALIGINED u8 pinyin_tou[] = {0x0D, 0x1F, 0x0D, 0x1D, 0x0D, 0x20, 0x0D, 0x1E, 0x19, 0xC4, 0x1E, 0x1A, 0x11, 0xDE, 0x0F, 0x92, 0x0E, 0x70, 0x12, 0x23, 0x12, 0x25, 0x03, 0x5F, 0xFF};
static CONST_ALIGINED u8 pinyin_tu[] = {0x0D, 0x29, 0x0D, 0x24, 0x0D, 0x2B, 0x0D, 0x27, 0x0D, 0x2A, 0x0D, 0x22, 0x0D, 0x23, 0x0D, 0x25, 0x0D, 0x21, 0x0D, 0x26, 0x0D, 0x28, 0x1D, 0x43, 0x13, 0x2A, 0x19, 0xB7, 0x13, 0x44, 0x12, 0xB4, 0x0F, 0x8E, 0x03, 0x6A, 0x03, 0x3F, 0xFF};
static CONST_ALIGINED u8 pinyin_tuan[] = {0x0D, 0x2D, 0x0D, 0x2C, 0x19, 0xA3, 0x13, 0xA9, 0x16, 0x6C, 0x03, 0x7D, 0x0C, 0x53, 0x1A, 0x7A, 0xFF};
static CONST_ALIGINED u8 pinyin_tui[] = {0x0D, 0x30, 0x0D, 0x2E, 0x0D, 0x33, 0x0D, 0x32, 0x0D, 0x2F, 0x0D, 0x31, 0x19, 0x06, 0x13, 0xE4, 0x03, 0x23, 0x0C, 0x53, 0x0D, 0x39, 0x10, 0xE6, 0x08, 0x16, 0xFF};
static CONST_ALIGINED u8 pinyin_tun[] = {0x0D, 0x34, 0x0D, 0x35, 0x0D, 0x32, 0x0D, 0x36, 0x03, 0x7F, 0x11, 0xCA, 0x15, 0x1E, 0x18, 0xAA, 0x18, 0x41, 0x03, 0x7B, 0x0D, 0xA8, 0x15, 0xA6, 0x18, 0xE8, 0x1A, 0xC8, 0x02, 0x9F, 0x18, 0x90, 0x10, 0xC1, 0xFF};
static CONST_ALIGINED u8 pinyin_tuo[] = {0x0D, 0x37, 0x0D, 0x39, 0x0D, 0x38, 0x0D, 0x3F, 0x0D, 0x3C, 0x0D, 0x40, 0x0D, 0x3D, 0x0D, 0x3E, 0x0D, 0x41, 0x0D, 0x3A, 0x0D, 0x3B, 0x0A, 0x82, 0x17, 0xD7, 0x17, 0x7F, 0x1D, 0x63, 0x11, 0x42, 0x12, 0x9B, 0x11, 0x91, 0x15, 0x36, 0x1D, 0x3C, 0x17, 0x85, 0x1D, 0xB6, 0x15, 0xBA, 0x1C, 0xBF, 0x19, 0x57, 0x0C, 0x9E, 0x0C, 0x9F, 0x03, 0x8D, 0x02, 0x5A, 0x0C, 0x53, 0x1C, 0xDD, 0x0B, 0xBD, 0x0C, 0x58, 0x16, 0x4A, 0x19, 0xD5, 0x0C, 0x88, 0xFF};
static CONST_ALIGINED u8 pinyin_wa[] = {0x0D, 0x42, 0x0D, 0x47, 0x0D, 0x44, 0x0D, 0x43, 0x0D, 0x46, 0x0D, 0x45, 0x01, 0x1B, 0x0D, 0x48, 0x11, 0x85, 0x16, 0x96, 0x18, 0xBA, 0x0D, 0xA1, 0x0E, 0x37, 0x1D, 0xD1, 0xFF};
static CONST_ALIGINED u8 pinyin_wai[] = {0x0D, 0x4A, 0x0D, 0x49, 0x14, 0xC5, 0x14, 0x01, 0x11, 0x43, 0xFF};
static CONST_ALIGINED u8 pinyin_wan[] = {0x0D, 0x52, 0x0D, 0x5A, 0x0D, 0x55, 0x0D, 0x53, 0x0D, 0x4E, 0x0D, 0x4C, 0x0D, 0x54, 0x0D, 0x4D, 0x0D, 0x50, 0x0D, 0x5B, 0x0D, 0x58, 0x0D, 0x59, 0x0D, 0x51, 0x0D, 0x4F, 0x0D, 0x4B, 0x0D, 0x57, 0x09, 0x7C, 0x0D, 0x56, 0x09, 0x35, 0x13, 0x31, 0x18, 0xAE, 0x1C, 0x61, 0x17, 0x03, 0x12, 0xCB, 0x17, 0x47, 0x16, 0xDF, 0x11, 0x71, 0x19, 0xA2, 0x13, 0x4B, 0x09, 0x7A, 0x04, 0xA0, 0x0F, 0xBC, 0x18, 0x8D, 0x1C, 0xC3, 0x12, 0xDA, 0x04, 0xA9, 0xFF};
static CONST_ALIGINED u8 pinyin_wang[] = {0x0D, 0x63, 0x0D, 0x64, 0x0D, 0x5D, 0x0D, 0x61, 0x0D, 0x60, 0x0D, 0x5E, 0x0D, 0x5F, 0x0D, 0x62, 0x0D, 0x5C, 0x0D, 0x65, 0x09, 0x3A, 0x18, 0x0C, 0x1E, 0x2C, 0x15, 0x6E, 0x11, 0x79, 0x08, 0x06, 0x13, 0xA3, 0x05, 0x57, 0xFF};
static CONST_ALIGINED u8 pinyin_wei[] = {0x0D, 0x7F, 0x0D, 0x70, 0x0D, 0x81, 0x0D, 0x7A, 0x0D, 0x6D, 0x0D, 0x7E, 0x0D, 0x68, 0x0D, 0x7C, 0x0D, 0x78, 0x0D, 0x77, 0x0D, 0x66, 0x0D, 0x76, 0x0D, 0x86, 0x0D, 0x69, 0x0D, 0x6B, 0x0D, 0x75, 0x0D, 0x80, 0x0D, 0x6E, 0x0D, 0x72, 0x0D, 0x7D, 0x0D, 0x6F, 0x0D, 0x6A, 0x0D, 0x67, 0x0D, 0x7B, 0x0D, 0x83, 0x0D, 0x84, 0x0D, 0x71, 0x0D, 0x79, 0x0D, 0x85, 0x0D, 0x6C, 0x0D, 0x74, 0x0D, 0x73, 0x0D, 0x82, 0x0F, 0x15, 0x13, 0x53, 0x14, 0x94, 0x1C, 0xED, 0x1D, 0xD3, 0x16, 0x9A, 0x16, 0x58, 0x15, 0x86, 0x12, 0x47, 0x15, 0xAC, 0x17, 0x2B, 0x15, 0xD3, 0x14, 0x9B, 0x14, 0xC5, 0x12, 0x49, 0x12, 0x19, 0x15, 0xBF, 0x11, 0xBA, 0x15, 0x0C, 0x15, 0x0D, 0x14, 0xC7, 0x18, 0x12, 0x17, 0x5F, 0x18, 0xE7, 0x19, 0x01, 0x12, 0x8B, 0x13, 0x88, 0x1A, 0xA6, 0x11, 0xB0, 0x14, 0x1E, 0x14, 0x89, 0x03, 0x13, 0x08, 0x10, 0x0F, 0x7E, 0x05, 0x87, 0x19, 0x0A, 0x15, 0x03, 0x19, 0x84, 0x08, 0x75, 0x12, 0xE1, 0x13, 0x2D, 0x13, 0x45, 0x12, 0x39, 0x1D, 0xB7, 0xFF};
static CONST_ALIGINED u8 pinyin_wen[] = {0x0D, 0x90, 0x0D, 0x8A, 0x0D, 0x8B, 0x0D, 0x8E, 0x0D, 0x88, 0x0D, 0x8D, 0x0D, 0x89, 0x0D, 0x8C, 0x0D, 0x87, 0x0D, 0x8F, 0x15, 0xAA, 0x15, 0x92, 0x11, 0x69, 0x1D, 0xA1, 0x17, 0x5E, 0x09, 0x7A, 0x09, 0x7C, 0x15, 0x72, 0x09, 0x59, 0x17, 0xE7, 0x0E, 0xC4, 0x1C, 0xA0, 0x0F, 0xD8, 0x0E, 0x0B, 0x17, 0x60, 0xFF};
static CONST_ALIGINED u8 pinyin_weng[] = {0x0D, 0x92, 0x0D, 0x91, 0x0D, 0x93, 0x13, 0x8A, 0x13, 0x67, 0x12, 0x89, 0x09, 0x61, 0xFF};
static CONST_ALIGINED u8 pinyin_wo[] = {0x0D, 0x98, 0x0D, 0x9B, 0x0D, 0x97, 0x0D, 0x9A, 0x0D, 0x94, 0x0D, 0x9C, 0x0D, 0x95, 0x0D, 0x96, 0x0D, 0x99, 0x11, 0xB0, 0x14, 0x9C, 0x1D, 0xB3, 0x18, 0x89, 0x13, 0x24, 0x14, 0x54, 0x15, 0xF4, 0x19, 0x61, 0x14, 0x65, 0x12, 0xAA, 0x11, 0x43, 0x16, 0xA3, 0x17, 0x62, 0x0D, 0x87, 0xFF};
static CONST_ALIGINED u8 pinyin_wu[] = {0x0D, 0xA4, 0x0D, 0xAB, 0x0D, 0xA3, 0x0D, 0xB5, 0x0D, 0xAE, 0x0D, 0xB3, 0x0D, 0xB9, 0x0D, 0xAC, 0x0D, 0xA1, 0x0D, 0xB8, 0x0D, 0xB6, 0x0D, 0x9F, 0x0D, 0xAA, 0x0D, 0xB2, 0x0D, 0xB7, 0x0D, 0x9E, 0x0D, 0xAF, 0x0D, 0xA8, 0x0D, 0xAD, 0x0D, 0xA7, 0x0D, 0xB0, 0x0D, 0xA0, 0x0D, 0xA9, 0x03, 0x96, 0x0D, 0xA2, 0x0D, 0xA5, 0x0D, 0x9D, 0x0D, 0xB4, 0x0D, 0xA6, 0x0D, 0xB1, 0x16, 0x80, 0x1C, 0x51, 0x18, 0x61, 0x16, 0x3F, 0x11, 0x34, 0x15, 0x45, 0x12, 0x39, 0x12, 0x4F, 0x14, 0x2B, 0x15, 0x49, 0x16, 0xD2, 0x18, 0xDE, 0x1D, 0xC0, 0x11, 0x86, 0x17, 0x62, 0x1A, 0x7F, 0x16, 0xA6, 0x16, 0x47, 0x1A, 0x9F, 0x12, 0xDE, 0x18, 0xF1, 0x15, 0x31, 0x1A, 0x76, 0x1E, 0x58, 0x15, 0xD1, 0x12, 0x8C, 0x0D, 0x5E, 0x11, 0x7F, 0x11, 0x97, 0x14, 0x54, 0x12, 0x9F, 0x0F, 0xA7, 0x18, 0xE0, 0x09, 0xAE, 0x15, 0xF4, 0x19, 0x93, 0x1C, 0xA0, 0x09, 0xA0, 0x1C, 0x71, 0x1D, 0xB1, 0xFF};
static CONST_ALIGINED u8 pinyin_xi[] = {0x0D, 0xBD, 0x0D, 0xD8, 0x0D, 0xDC, 0x0D, 0xC2, 0x0D, 0xDB, 0x0D, 0xD9, 0x0D, 0xD6, 0x0D, 0xD3, 0x0D, 0xC5, 0x0D, 0xCE, 0x0D, 0xCC, 0x0D, 0xC3, 0x0D, 0xC9, 0x0D, 0xC6, 0x0D, 0xD2, 0x0D, 0xCB, 0x0D, 0xD4, 0x0D, 0xC1, 0x0D, 0xCA, 0x0D, 0xC8, 0x0D, 0xBF, 0x0D, 0xBB, 0x0D, 0xC7, 0x0D, 0xD1, 0x0D, 0xC4, 0x0D, 0xC0, 0x0D, 0xBA, 0x0D, 0xD5, 0x0D, 0xBE, 0x0D, 0xD7, 0x0D, 0xCD, 0x08, 0x25, 0x0D, 0xBC, 0x0D, 0xDA, 0x0A, 0x97, 0x0D, 0xCF, 0x0D, 0xD0, 0x1C, 0x58, 0x13, 0xA0, 0x15, 0xD8, 0x13, 0x58, 0x15, 0x1F, 0x16, 0x73, 0x17, 0x3D, 0x16, 0xB4, 0x19, 0x2A, 0x11, 0xD1, 0x1D, 0x1E, 0x1A, 0xC6, 0x19, 0x2C, 0x11, 0xC1, 0x15, 0xDD, 0x13, 0x74, 0x1C, 0xEB, 0x1D, 0x82, 0x1D, 0x4F, 0x12, 0x61, 0x18, 0xCC, 0x1A, 0x5C, 0x1C, 0x81, 0x1D, 0x07, 0x13, 0x02, 0x14, 0xDD, 0x12, 0x4A, 0x14, 0x2F, 0x18, 0x44, 0x1C, 0x78, 0x18, 0xD0, 0x17, 0xDD, 0x15, 0x91, 0x1D, 0x0D, 0x19, 0x15, 0x18, 0x56, 0x13, 0x37, 0x1E, 0x5A, 0x1A, 0xE3, 0x1C, 0xDD, 0x0F, 0x35, 0x14, 0x15, 0x14, 0x10, 0x0B, 0xF6, 0x0C, 0x5D, 0x05, 0xB3, 0x0B, 0x77, 0x0B, 0xE6, 0x08, 0xA7, 0x0E, 0x3D, 0x1C, 0x5D, 0x1A, 0xEE, 0x12, 0x16, 0x12, 0x2C, 0x12, 0x5B, 0x02, 0xCD, 0x0B, 0x7A, 0xFF};
static CONST_ALIGINED u8 pinyin_xia[] = {0x0D, 0xE6, 0x0D, 0xE9, 0x0D, 0xE8, 0x0D, 0xE3, 0x0D, 0xDE, 0x0D, 0xDD, 0x0D, 0xE0, 0x0D, 0xE5, 0x0D, 0xDF, 0x0D, 0xE4, 0x0D, 0xE1, 0x0D, 0xE7, 0x0D, 0xE2, 0x05, 0x30, 0x14, 0xEC, 0x17, 0x7B, 0x14, 0x06, 0x1E, 0x4E, 0x19, 0x5B, 0x1C, 0x96, 0x16, 0x5E, 0x17, 0x4D, 0x05, 0xC4, 0x0E, 0xA6, 0x14, 0x28, 0x14, 0x60, 0x14, 0x5A, 0x14, 0xA6, 0x0E, 0xA3, 0x18, 0xCE, 0x18, 0x6F, 0x15, 0xC1, 0x1A, 0xAF, 0x04, 0x62, 0x13, 0x60, 0xFF};
static CONST_ALIGINED u8 pinyin_xian[] = {0x0D, 0xEC, 0x0E, 0x0C, 0x0E, 0x05, 0x0E, 0x03, 0x0E, 0x01, 0x0D, 0xEA, 0x0D, 0xF4, 0x0E, 0x04, 0x0E, 0x00, 0x0E, 0x0A, 0x0E, 0x02, 0x0D, 0xEE, 0x0D, 0xF6, 0x0D, 0xF2, 0x0E, 0x07, 0x0E, 0x0B, 0x0D, 0xF0, 0x0D, 0xEB, 0x0D, 0xED, 0x0E, 0x06, 0x0D, 0xF1, 0x0D, 0xEF, 0x0E, 0x09, 0x0D, 0xF3, 0x0D, 0xF5, 0x0E, 0x08, 0x0D, 0xD7, 0x05, 0xE6, 0x12, 0xDA, 0x13, 0x91, 0x14, 0xA7, 0x1A, 0xA1, 0x13, 0x2B, 0x1D, 0x08, 0x16, 0x97, 0x1C, 0x30, 0x15, 0x00, 0x19, 0x1D, 0x11, 0xED, 0x19, 0x0F, 0x1D, 0x6A, 0x1D, 0x6B, 0x1D, 0x3D, 0x16, 0x63, 0x18, 0x79, 0x1A, 0x74, 0x1C, 0xAF, 0x1D, 0xA9, 0x16, 0x83, 0x16, 0x8B, 0x16, 0x42, 0x14, 0xE4, 0x15, 0x7A, 0x04, 0xDA, 0x0C, 0xBE, 0x0B, 0x77, 0x0D, 0xD8, 0x16, 0x29, 0x0B, 0xDD, 0x0F, 0x23, 0x05, 0xD9, 0x1C, 0x9D, 0x05, 0xD2, 0x0E, 0x3D, 0x13, 0x75, 0x0E, 0x84, 0x19, 0xB9, 0x1A, 0x18, 0x15, 0x9A, 0x19, 0x78, 0xFF};
static CONST_ALIGINED u8 pinyin_xiang[] = {0x0E, 0x0F, 0x0E, 0x11, 0x0E, 0x18, 0x0E, 0x1F, 0x0E, 0x20, 0x0E, 0x1B, 0x0E, 0x19, 0x0E, 0x10, 0x0E, 0x14, 0x0E, 0x0D, 0x0E, 0x1E, 0x0E, 0x1C, 0x0E, 0x1A, 0x0E, 0x0E, 0x07, 0x07, 0x0E, 0x15, 0x0E, 0x16, 0x0E, 0x1D, 0x0E, 0x17, 0x0E, 0x13, 0x0E, 0x12, 0x1E, 0x2E, 0x1D, 0xD7, 0x16, 0xDA, 0x1C, 0x82, 0x15, 0x35, 0x12, 0xCE, 0x15, 0x24, 0x17, 0x06, 0x13, 0x52, 0x05, 0x0F, 0x0B, 0x41, 0x0E, 0xDC, 0x1C, 0xE0, 0xFF};
static CONST_ALIGINED u8 pinyin_xiao[] = {0x16, 0x12, 0x0E, 0x21, 0x0E, 0x2C, 0x0E, 0x31, 0x0E, 0x28, 0x0E, 0x24, 0x0E, 0x27, 0x0E, 0x32, 0x0E, 0x29, 0x0E, 0x2B, 0x0E, 0x2F, 0x0E, 0x2D, 0x0E, 0x22, 0x0E, 0x2A, 0x0E, 0x30, 0x0E, 0x23, 0x0E, 0x25, 0x0E, 0x26, 0x0E, 0x2E, 0x1E, 0x2B, 0x1C, 0x50, 0x16, 0xC9, 0x17, 0x7C, 0x14, 0x16, 0x14, 0xBF, 0x1C, 0xB8, 0x16, 0x54, 0x17, 0x70, 0x16, 0xEF, 0x1C, 0xC4, 0x11, 0x9D, 0x0A, 0xE7, 0x12, 0x79, 0x04, 0xEB, 0x05, 0x23, 0x14, 0x1B, 0x0B, 0xB8, 0x14, 0x29, 0x05, 0x30, 0x16, 0x91, 0x09, 0xC9, 0x0B, 0xB1, 0x0C, 0x74, 0x0B, 0xB0, 0x11, 0x44, 0x07, 0x18, 0x07, 0x1C, 0x07, 0x0C, 0x0B, 0xB4, 0x13, 0x15, 0x07, 0x21, 0x07, 0x10, 0x0B, 0x85, 0xFF};
static CONST_ALIGINED u8 pinyin_xie[] = {0x0E, 0x3F, 0x0E, 0x34, 0x0E, 0x37, 0x0E, 0x35, 0x0E, 0x3C, 0x0E, 0x93, 0x0E, 0x46, 0x0E, 0x41, 0x0E, 0x39, 0x0E, 0x47, 0x0E, 0x42, 0x0E, 0x45, 0x0E, 0x43, 0x0E, 0x44, 0x0E, 0x33, 0x0E, 0x3B, 0x0E, 0x38, 0x0E, 0x40, 0x0E, 0x3E, 0x0E, 0x36, 0x0E, 0x3A, 0x0E, 0x3D, 0x07, 0x34, 0x0A, 0xB0, 0x0F, 0x06, 0x16, 0xE5, 0x1C, 0x18, 0x17, 0x1C, 0x15, 0x14, 0x17, 0xC4, 0x15, 0x3E, 0x13, 0xD7, 0x11, 0xB8, 0x16, 0x30, 0x15, 0xEA, 0x11, 0xE3, 0x17, 0xCC, 0x16, 0x66, 0x13, 0x86, 0x1D, 0x8D, 0x12, 0x7A, 0x12, 0x78, 0x14, 0x2F, 0x14, 0x4A, 0x07, 0x25, 0x13, 0xD6, 0x07, 0x2D, 0x18, 0xD0, 0x10, 0x7E, 0x08, 0x18, 0x04, 0x32, 0x19, 0x84, 0x0E, 0xF5, 0x03, 0x44, 0x0F, 0xB1, 0x1D, 0x67, 0x16, 0x4C, 0x12, 0x4A, 0x0F, 0x03, 0x1E, 0x19, 0x1D, 0xD1, 0xFF};
static CONST_ALIGINED u8 pinyin_xin[] = {0x0E, 0x4D, 0x0E, 0x4F, 0x0E, 0x4B, 0x0E, 0x50, 0x0E, 0x49, 0x0E, 0x48, 0x0E, 0x4A, 0x0E, 0x4C, 0x0E, 0x99, 0x0E, 0x51, 0x0E, 0x4E, 0x18, 0xCF, 0x11, 0x47, 0x13, 0x30, 0x1A, 0x36, 0x12, 0xC2, 0x1D, 0xC6, 0x18, 0x2B, 0x0E, 0x56, 0x15, 0x41, 0x08, 0x05, 0xFF};
static CONST_ALIGINED u8 pinyin_xing[] = {0x0E, 0x58, 0x0E, 0x5F, 0x0E, 0x5B, 0x0E, 0x59, 0x0E, 0x52, 0x0E, 0x5C, 0x0E, 0x60, 0x0E, 0x53, 0x0E, 0x57, 0x0E, 0x5E, 0x0E, 0x56, 0x0E, 0x5D, 0x0E, 0x5A, 0x0E, 0x54, 0x0E, 0x55, 0x0B, 0xDD, 0x19, 0x59, 0x15, 0x6B, 0x13, 0x19, 0x12, 0x40, 0x13, 0xDE, 0x13, 0x0F, 0x0E, 0xB9, 0x0B, 0xE0, 0x15, 0x1D, 0xFF};
static CONST_ALIGINED u8 pinyin_xiong[] = {0x0E, 0x63, 0x0E, 0x66, 0x0E, 0x62, 0x0E, 0x61, 0x0E, 0x67, 0x0E, 0x65, 0x0E, 0x64, 0x12, 0xCC, 0x0E, 0x09, 0xFF};
static CONST_ALIGINED u8 pinyin_xiu[] = {0x0E, 0x69, 0x0E, 0x6D, 0x0E, 0x70, 0x0E, 0x68, 0x0E, 0x6A, 0x0C, 0x81, 0x0E, 0x6C, 0x0E, 0x6F, 0x0E, 0x6E, 0x0E, 0x6B, 0x02, 0x76, 0x16, 0x0B, 0x1D, 0x91, 0x15, 0x2B, 0x1E, 0x3A, 0x1A, 0x6E, 0x14, 0x1B, 0x15, 0x34, 0x14, 0xB0, 0x19, 0x14, 0x13, 0x25, 0xFF};
static CONST_ALIGINED u8 pinyin_xu[] = {0x0E, 0x78, 0x0E, 0x76, 0x0E, 0x73, 0x0E, 0x74, 0x0E, 0x75, 0x0E, 0x79, 0x0E, 0x83, 0x0E, 0x7D, 0x0E, 0x7B, 0x0E, 0x7E, 0x0E, 0x80, 0x0E, 0x81, 0x0E, 0x72, 0x0E, 0x77, 0x0E, 0x7C, 0x0E, 0x82, 0x0F, 0xA3, 0x0E, 0x7A, 0x0E, 0x7F, 0x0E, 0x71, 0x1D, 0x16, 0x12, 0x77, 0x17, 0x99, 0x15, 0xCD, 0x13, 0x7A, 0x17, 0x38, 0x12, 0x8B, 0x15, 0xC7, 0x1A, 0xF3, 0x1D, 0x49, 0x12, 0x12, 0x15, 0xF0, 0x19, 0x14, 0x19, 0x7B, 0x19, 0x48, 0x0F, 0x88, 0x0E, 0x68, 0x0F, 0x8E, 0x0A, 0x18, 0x05, 0x23, 0x14, 0x1B, 0x0E, 0x6C, 0x07, 0x35, 0x15, 0x51, 0x18, 0x24, 0x18, 0x9E, 0x18, 0x93, 0x0F, 0xA1, 0x04, 0xAE, 0x11, 0xF6, 0x0E, 0x3B, 0x1D, 0x9F, 0x11, 0xD4, 0xFF};
static CONST_ALIGINED u8 pinyin_xuan[] = {0x0E, 0x8A, 0x0E, 0x87, 0x0E, 0x88, 0x0E, 0x89, 0x0E, 0x86, 0x0E, 0x85, 0x0E, 0x84, 0x0E, 0x8D, 0x0E, 0x8C, 0x0E, 0x8B, 0x0B, 0x2F, 0x18, 0x3D, 0x17, 0xBD, 0x11, 0xC7, 0x15, 0xF3, 0x16, 0x1C, 0x15, 0xB8, 0x19, 0xD4, 0x17, 0x56, 0x19, 0x04, 0x19, 0x6A, 0x1A, 0x34, 0x18, 0xED, 0x13, 0xC6, 0x13, 0x5F, 0x1A, 0x99, 0x12, 0x24, 0x11, 0x39, 0x10, 0xDA, 0x13, 0xDC, 0x0A, 0x0C, 0x15, 0xCA, 0x15, 0xD5, 0x07, 0x9E, 0x15, 0x2E, 0xFF};
static CONST_ALIGINED u8 pinyin_xue[] = {0x0E, 0x90, 0x0E, 0x92, 0x0E, 0x93, 0x0E, 0x8E, 0x0E, 0x91, 0x0E, 0x24, 0x0E, 0x8F, 0x1D, 0x57, 0x14, 0x81, 0x1E, 0x07, 0x19, 0x43, 0x07, 0xA6, 0x0E, 0x25, 0x14, 0x87, 0x0B, 0x32, 0x12, 0x20, 0xFF};
static CONST_ALIGINED u8 pinyin_xun[] = {0x0E, 0x99, 0x0E, 0x9F, 0x0E, 0x95, 0x0E, 0x9E, 0x0E, 0x96, 0x0E, 0x9C, 0x0E, 0x97, 0x0E, 0x9B, 0x0E, 0xA1, 0x0E, 0x9A, 0x0E, 0x9D, 0x0E, 0xA0, 0x0E, 0x94, 0x05, 0x74, 0x0E, 0x98, 0x07, 0xB1, 0x11, 0xD2, 0x1D, 0xD8, 0x15, 0xCE, 0x12, 0xAB, 0x15, 0x5F, 0x15, 0x15, 0x1D, 0x52, 0x15, 0xCA, 0x12, 0x5C, 0x14, 0xB8, 0x13, 0x7D, 0x13, 0x90, 0x13, 0x12, 0x1A, 0xCF, 0x18, 0x42, 0x14, 0xD9, 0x0C, 0x92, 0x15, 0x69, 0x0C, 0x96, 0x0B, 0x77, 0x0C, 0xB7, 0x15, 0x02, 0x0E, 0x8D, 0x13, 0x1A, 0x16, 0x56, 0x03, 0x82, 0x1D, 0xC6, 0xFF};
static CONST_ALIGINED u8 pinyin_ya[] = {0x0E, 0xA6, 0x0E, 0xA2, 0x0E, 0xA9, 0x0E, 0xA3, 0x0E, 0xA8, 0x0E, 0xA5, 0x10, 0x13, 0x0E, 0xAB, 0x0E, 0xAF, 0x0E, 0xB0, 0x0E, 0xAD, 0x0E, 0xA7, 0x0E, 0xAE, 0x0E, 0xAC, 0x0E, 0xA4, 0x0E, 0xB1, 0x0E, 0xAA, 0x12, 0x9F, 0x1A, 0xF2, 0x19, 0x4B, 0x17, 0x39, 0x17, 0x89, 0x19, 0x8C, 0x16, 0x8D, 0x1A, 0x9B, 0x14, 0xA6, 0x18, 0x7C, 0x11, 0x84, 0x16, 0x46, 0x13, 0xC2, 0x0E, 0xCA, 0x13, 0xEE, 0x0D, 0xA7, 0x0F, 0xA7, 0x10, 0x12, 0x0E, 0x35, 0x19, 0x68, 0x18, 0x09, 0x0E, 0x3B, 0x10, 0x15, 0x0E, 0xBE, 0x1A, 0x78, 0xFF};
static CONST_ALIGINED u8 pinyin_yan[] = {0x0E, 0xC4, 0x0E, 0xB5, 0x0E, 0xC1, 0x0E, 0xB7, 0x0E, 0xBD, 0x0E, 0xC6, 0x0E, 0xB8, 0x0E, 0xB3, 0x0E, 0xB6, 0x0E, 0xC0, 0x0E, 0xC3, 0x0E, 0xCA, 0x0E, 0xD0, 0x0E, 0xBB, 0x0E, 0xB9, 0x0E, 0xBC, 0x0E, 0xC8, 0x0E, 0xD2, 0x0E, 0xC7, 0x0F, 0x43, 0x0E, 0xB4, 0x0E, 0xCB, 0x0E, 0xCC, 0x0E, 0xCD, 0x0E, 0xCE, 0x0E, 0xCF, 0x0E, 0xBA, 0x0E, 0xC5, 0x0E, 0xD1, 0x0E, 0xC9, 0x0E, 0xBE, 0x0E, 0xBF, 0x0A, 0xBF, 0x0E, 0xB2, 0x0E, 0xC2, 0x12, 0xD0, 0x11, 0x5A, 0x15, 0x94, 0x13, 0x47, 0x1E, 0x29, 0x17, 0x45, 0x15, 0xF6, 0x18, 0xF5, 0x11, 0x5E, 0x1C, 0xB0, 0x18, 0xB1, 0x11, 0xDF, 0x11, 0x70, 0x1E, 0x2F, 0x15, 0x5C, 0x19, 0xA8, 0x17, 0xE1, 0x15, 0xEB, 0x11, 0xB7, 0x12, 0x33, 0x18, 0xA3, 0x18, 0x38, 0x15, 0x85, 0x11, 0xA1, 0x12, 0x65, 0x1D, 0x40, 0x12, 0x67, 0x16, 0x7F, 0x1E, 0x59, 0x14, 0xBD, 0x12, 0x3D, 0x16, 0xAE, 0x02, 0xE9, 0x01, 0x12, 0x02, 0x29, 0x12, 0xA3, 0x12, 0xAF, 0x0D, 0xE8, 0x0E, 0x9B, 0x04, 0xAB, 0x15, 0x37, 0x13, 0xC5, 0x18, 0x7D, 0x15, 0xC3, 0x0D, 0xF5, 0x02, 0xEB, 0x0F, 0x49, 0x05, 0x0C, 0x0E, 0x08, 0x13, 0x2B, 0x09, 0xDE, 0x1C, 0x14, 0x11, 0xF2, 0x1D, 0x5C, 0x10, 0x55, 0x1A, 0x18, 0x0E, 0x02, 0x11, 0x5D, 0xFF};
static CONST_ALIGINED u8 pinyin_yang[] = {0x0E, 0xE2, 0x0E, 0xE1, 0x0E, 0xDB, 0x0E, 0xDC, 0x0E, 0xDF, 0x0E, 0xD8, 0x0E, 0xD6, 0x0E, 0xDE, 0x0E, 0xE0, 0x0E, 0xD7, 0x0E, 0xE3, 0x0E, 0xDD, 0x0E, 0xD3, 0x0E, 0xD4, 0x0E, 0xD5, 0x0E, 0xD9, 0x0E, 0xDA, 0x18, 0xE6, 0x19, 0x35, 0x14, 0xDA, 0x1E, 0x10, 0x15, 0xB2, 0x1C, 0x4C, 0x18, 0xF0, 0x15, 0x54, 0x01, 0x19, 0x0F, 0x61, 0x0F, 0x50, 0x0E, 0x17, 0xFF};
static CONST_ALIGINED u8 pinyin_yao[] = {0x0E, 0xF1, 0x0E, 0xE8, 0x0E, 0xF0, 0x0E, 0xEE, 0x0E, 0xE5, 0x0E, 0xEB, 0x0E, 0xEF, 0x0E, 0xE4, 0x0E, 0xE6, 0x0E, 0xEC, 0x0E, 0xEA, 0x0E, 0xED, 0x0E, 0xE7, 0x0E, 0xF2, 0x0E, 0xE9, 0x0F, 0xCB, 0x07, 0x16, 0x0C, 0xD6, 0x0F, 0xC8, 0x0A, 0x0E, 0x17, 0x3B, 0x11, 0x43, 0x1E, 0x04, 0x1A, 0x80, 0x18, 0x05, 0x11, 0x44, 0x13, 0xEF, 0x19, 0xED, 0x17, 0x24, 0x14, 0xC4, 0x18, 0x92, 0x18, 0x43, 0x14, 0xE0, 0x17, 0x6A, 0x1A, 0xCA, 0x09, 0x4C, 0x08, 0x4B, 0x09, 0xEC, 0x16, 0x8E, 0x0F, 0x85, 0x15, 0xC9, 0x0F, 0x49, 0x16, 0x32, 0x0F, 0x77, 0x1D, 0x29, 0x13, 0x04, 0x16, 0xD3, 0xFF};
static CONST_ALIGINED u8 pinyin_ye[] = {0x0F, 0x02, 0x0F, 0x09, 0x0F, 0x05, 0x0F, 0x00, 0x0F, 0x06, 0x0E, 0xF6, 0x0F, 0x03, 0x0F, 0x0A, 0x0F, 0x04, 0x0F, 0x08, 0x0F, 0x01, 0x0E, 0xF4, 0x0E, 0xF5, 0x0E, 0xB3, 0x0F, 0x07, 0x0E, 0xF3, 0x0E, 0x3B, 0x12, 0x21, 0x12, 0x54, 0x18, 0x36, 0x18, 0xEF, 0x13, 0xB5, 0x19, 0xE1, 0x11, 0x5D, 0x04, 0xEE, 0x0C, 0x40, 0x0B, 0xC2, 0x10, 0xD6, 0x13, 0xC5, 0x13, 0xC0, 0x0E, 0x3C, 0x15, 0xC3, 0x0D, 0x27, 0x09, 0xEA, 0x13, 0x2A, 0x15, 0x26, 0xFF};
static CONST_ALIGINED u8 pinyin_yi[] = {0x0F, 0x0B, 0x0F, 0x24, 0x0F, 0x21, 0x0F, 0x2A, 0x0F, 0x12, 0x0F, 0x16, 0x0F, 0x10, 0x0F, 0x27, 0x0F, 0x0D, 0x0F, 0x22, 0x0F, 0x17, 0x0F, 0x30, 0x0F, 0x1E, 0x0F, 0x36, 0x0F, 0x20, 0x0F, 0x1C, 0x0F, 0x3D, 0x0F, 0x3B, 0x0F, 0x11, 0x0B, 0xBD, 0x0F, 0x15, 0x0B, 0xEF, 0x01, 0x0B, 0x0F, 0x18, 0x0F, 0x19, 0x0F, 0x1A, 0x0F, 0x1B, 0x0F, 0x3C, 0x0F, 0x1D, 0x0F, 0x0C, 0x0F, 0x1F, 0x0F, 0x3A, 0x0F, 0x0E, 0x0F, 0x0F, 0x0F, 0x23, 0x0F, 0x3E, 0x0F, 0x25, 0x0F, 0x26, 0x0F, 0x3F, 0x0F, 0x28, 0x03, 0x8F, 0x0F, 0x29, 0x0D, 0x78, 0x0F, 0x2B, 0x0F, 0x2C, 0x0F, 0x2D, 0x0F, 0x2E, 0x0F, 0x2F, 0x0F, 0x13, 0x0F, 0x31, 0x0F, 0x32, 0x0F, 0x33, 0x0F, 0x34, 0x0F, 0x35, 0x0F, 0x14, 0x0F, 0x37, 0x0F, 0x38, 0x0F, 0x39, 0x15, 0x59, 0x1A, 0x9C, 0x1A, 0x2B, 0x1A, 0xBF, 0x15, 0x5A, 0x16, 0xC6, 0x18, 0xE5, 0x19, 0x0B, 0x1D, 0x39, 0x1A, 0xC4, 0x18, 0xCD, 0x14, 0xB5, 0x12, 0x91, 0x17, 0xF1, 0x14, 0x65, 0x14, 0x15, 0x12, 0xC4, 0x14, 0x82, 0x11, 0x77, 0x12, 0x07, 0x15, 0x23, 0x16, 0x1A, 0x11, 0x8E, 0x14, 0x1C, 0x1A, 0xAB, 0x15, 0x03, 0x19, 0x83, 0x1D, 0x1C, 0x13, 0x9B, 0x12, 0xE5, 0x13, 0x03, 0x11, 0x7F, 0x11, 0x9A, 0x18, 0x49, 0x19, 0xB3, 0x17, 0x14, 0x16, 0x4A, 0x11, 0x68, 0x15, 0x67, 0x1E, 0x4F, 0x1D, 0x24, 0x13, 0xE3, 0x13, 0x9F, 0x1C, 0x5D, 0x12, 0xB0, 0x13, 0xB1, 0x14, 0xD4, 0x13, 0x89, 0x13, 0xF2, 0x18, 0x01, 0x1A, 0x42, 0x1C, 0xE2, 0x11, 0x40, 0x0F, 0x02, 0x11, 0x91, 0x0F, 0x4F, 0x0C, 0xA9, 0x0C, 0xBF, 0x0D, 0x07, 0x0E, 0xF4, 0x12, 0x8D, 0x12, 0x9B, 0x0D, 0xCA, 0x0B, 0xE3, 0x0A, 0xA1, 0x05, 0x92, 0x0C, 0x9F, 0x0B, 0xC2, 0x0A, 0xA4, 0x0C, 0x6B, 0x02, 0xDF, 0x10, 0x06, 0x13, 0xB8, 0x13, 0xCC, 0x0B, 0xE5, 0x0A, 0xB6, 0x10, 0x9F, 0x0E, 0x44, 0x15, 0xC7, 0x15, 0xEA, 0x0E, 0xB2, 0x18, 0xF5, 0x0D, 0xBB, 0x18, 0x63, 0x04, 0x57, 0x19, 0x61, 0x16, 0xE5, 0x16, 0xF2, 0x0D, 0x72, 0x0E, 0x08, 0x1A, 0xD2, 0x1A, 0xD7, 0x12, 0x16, 0x12, 0x2C, 0x03, 0x43, 0x0C, 0x12, 0x19, 0xD5, 0x08, 0x78, 0x1A, 0x48, 0x1E, 0x4D, 0xFF};
static CONST_ALIGINED u8 pinyin_yin[] = {0x0F, 0x42, 0x0F, 0x4D, 0x0F, 0x4F, 0x0F, 0x48, 0x0F, 0x44, 0x0F, 0x4B, 0x0F, 0x45, 0x0F, 0x4E, 0x0F, 0x41, 0x0F, 0x47, 0x0F, 0x4C, 0x0F, 0x4A, 0x0F, 0x40, 0x0F, 0x49, 0x0F, 0x43, 0x0F, 0x46, 0x0E, 0xB5, 0x12, 0xB9, 0x12, 0x68, 0x14, 0x4F, 0x15, 0x1A, 0x11, 0x48, 0x1D, 0xB0, 0x14, 0x03, 0x12, 0x93, 0x15, 0x01, 0x12, 0xA7, 0x1D, 0xA7, 0x1C, 0x35, 0x18, 0x7D, 0x19, 0xE4, 0x1A, 0xCF, 0x1A, 0xBB, 0x15, 0xC3, 0x12, 0xF3, 0x10, 0xAB, 0x0D, 0x07, 0x07, 0xDF, 0x0F, 0x0C, 0x01, 0x8F, 0x12, 0x7C, 0x0F, 0x1A, 0x15, 0xCE, 0x0C, 0xB7, 0x12, 0xDD, 0x0E, 0xBD, 0xFF};
static CONST_ALIGINED u8 pinyin_ying[] = {0x0F, 0x54, 0x0F, 0x60, 0x0F, 0x5E, 0x0F, 0x58, 0x0F, 0x5B, 0x0F, 0x61, 0x0F, 0x5A, 0x0F, 0x5C, 0x0F, 0x53, 0x0F, 0x50, 0x0F, 0x5F, 0x0F, 0x56, 0x0F, 0x5D, 0x0F, 0x52, 0x0F, 0x51, 0x0F, 0x55, 0x0F, 0x59, 0x0F, 0x57, 0x13, 0x4C, 0x17, 0xBF, 0x13, 0x6F, 0x1A, 0xB8, 0x12, 0xF5, 0x1A, 0x82, 0x18, 0xBE, 0x13, 0x33, 0x17, 0x53, 0x12, 0x5F, 0x14, 0x6F, 0x13, 0xD3, 0x17, 0x41, 0x16, 0x04, 0x16, 0x11, 0x11, 0xE7, 0x1C, 0x94, 0x16, 0x31, 0x15, 0x40, 0x13, 0x19, 0x1C, 0x1A, 0x14, 0x2A, 0x0E, 0xD4, 0x07, 0x60, 0x03, 0x30, 0x0B, 0xDC, 0x02, 0x53, 0xFF};
static CONST_ALIGINED u8 pinyin_yo[] = {0x0F, 0x62, 0x0F, 0xAB, 0x14, 0x3D, 0xFF};
static CONST_ALIGINED u8 pinyin_yong[] = {0x0F, 0x71, 0x0F, 0x6D, 0x0F, 0x6E, 0x0F, 0x63, 0x0F, 0x6A, 0x0F, 0x70, 0x0F, 0x68, 0x0F, 0x6B, 0x0F, 0x6C, 0x0F, 0x64, 0x0F, 0x69, 0x0F, 0x66, 0x0F, 0x67, 0x0F, 0x65, 0x0F, 0x6F, 0x12, 0x89, 0x15, 0x7B, 0x11, 0xA7, 0x12, 0xBF, 0x1E, 0x0A, 0x17, 0x28, 0x14, 0x4B, 0x1A, 0x60, 0x1E, 0x32, 0x1A, 0x32, 0x0B, 0x5D, 0x1C, 0xDA, 0x13, 0x8A, 0x0F, 0xA4, 0xFF};
static CONST_ALIGINED u8 pinyin_you[] = {0x0F, 0x7E, 0x0F, 0x84, 0x0F, 0x77, 0x0F, 0x80, 0x0F, 0x7B, 0x0F, 0x7C, 0x0F, 0x85, 0x0F, 0x73, 0x0F, 0x7F, 0x0F, 0x79, 0x0F, 0x75, 0x0F, 0x76, 0x0F, 0x7A, 0x0F, 0x83, 0x0F, 0x74, 0x0F, 0x78, 0x0F, 0x7D, 0x0F, 0x81, 0x0F, 0x82, 0x0F, 0x72, 0x1A, 0x92, 0x11, 0x8D, 0x1C, 0x3B, 0x13, 0x25, 0x1D, 0xC7, 0x11, 0x66, 0x1E, 0x4D, 0x13, 0x2E, 0x17, 0xE5, 0x1C, 0x41, 0x16, 0x3A, 0x18, 0x85, 0x14, 0x8F, 0x17, 0x7D, 0x1C, 0x6D, 0x13, 0x28, 0x1E, 0x57, 0x19, 0xDD, 0x1C, 0x6F, 0x1D, 0x29, 0x14, 0x0D, 0x11, 0x96, 0x0C, 0xBF, 0x12, 0x9E, 0x01, 0x21, 0x13, 0xA3, 0x0B, 0x45, 0x13, 0xC4, 0x0B, 0x18, 0x1C, 0x13, 0x0E, 0x6D, 0xFF};
static CONST_ALIGINED u8 pinyin_yu[] = {0x0F, 0x99, 0x0F, 0x88, 0x0F, 0xA9, 0x0F, 0x91, 0x0F, 0x98, 0x0F, 0x8E, 0x0F, 0xA4, 0x0F, 0x9D, 0x0F, 0xA8, 0x0F, 0xAA, 0x0F, 0x9F, 0x0F, 0x94, 0x0F, 0x96, 0x0F, 0xAC, 0x0F, 0xAB, 0x0F, 0x8C, 0x0F, 0x9E, 0x0F, 0x8B, 0x0F, 0x97, 0x0F, 0x87, 0x0F, 0x8D, 0x0F, 0x9A, 0x0F, 0x9B, 0x0F, 0x9C, 0x0F, 0x86, 0x0F, 0x8F, 0x0F, 0x90, 0x0F, 0xA0, 0x0F, 0xA1, 0x0F, 0xA2, 0x04, 0x90, 0x0F, 0xA3, 0x0F, 0x89, 0x0F, 0xA5, 0x0F, 0xA6, 0x0F, 0xA7, 0x0F, 0x92, 0x10, 0xB1, 0x0F, 0x93, 0x0D, 0x84, 0x0F, 0x8A, 0x0F, 0x95, 0x0F, 0xAD, 0x0F, 0xAE, 0x0F, 0xAF, 0x0F, 0xB0, 0x0F, 0xB1, 0x0F, 0xB2, 0x0D, 0x7B, 0x16, 0x81, 0x14, 0xC8, 0x1D, 0x9F, 0x15, 0x26, 0x15, 0x8F, 0x1A, 0xCE, 0x1A, 0x73, 0x16, 0x87, 0x13, 0xC4, 0x1A, 0xD1, 0x18, 0x58, 0x1C, 0xDA, 0x1C, 0xDB, 0x1D, 0xB1, 0x13, 0x70, 0x19, 0x00, 0x19, 0xC7, 0x12, 0x1A, 0x16, 0xDC, 0x18, 0xDE, 0x1C, 0x99, 0x17, 0x4B, 0x11, 0x3F, 0x19, 0x41, 0x18, 0xCB, 0x11, 0xA5, 0x11, 0x82, 0x14, 0x90, 0x1A, 0x88, 0x15, 0x38, 0x18, 0x31, 0x13, 0x40, 0x1A, 0xA7, 0x12, 0x23, 0x16, 0x7B, 0x14, 0x92, 0x1A, 0xA8, 0x19, 0x0A, 0x15, 0x21, 0x11, 0x4A, 0x19, 0x0C, 0x18, 0xB3, 0x14, 0xF6, 0x13, 0x4B, 0x1C, 0x59, 0x1C, 0x6C, 0x08, 0x0E, 0x0D, 0xA7, 0x14, 0x3D, 0x14, 0x4B, 0x14, 0x7A, 0x0D, 0xCA, 0x01, 0x21, 0x0D, 0x58, 0x14, 0xC2, 0x01, 0x22, 0x05, 0x7F, 0x13, 0xAD, 0x18, 0x28, 0x17, 0x99, 0x0D, 0xA6, 0x0D, 0xA1, 0x15, 0xA8, 0x01, 0x23, 0x19, 0x01, 0x0D, 0x5D, 0x18, 0xBC, 0x0C, 0x2B, 0x0F, 0xC3, 0x13, 0x47, 0x1C, 0x53, 0x0E, 0xAC, 0x15, 0x94, 0xFF};
static CONST_ALIGINED u8 pinyin_yuan[] = {0x0F, 0xC2, 0x0F, 0xBD, 0x0F, 0xB6, 0x0F, 0xC6, 0x0F, 0xBE, 0x0F, 0xB9, 0x0F, 0xC4, 0x0F, 0xBC, 0x0F, 0xBA, 0x0F, 0xBF, 0x0F, 0xC5, 0x0F, 0xB5, 0x0F, 0xC0, 0x0F, 0xC1, 0x0F, 0xB8, 0x0F, 0xB4, 0x0F, 0xC3, 0x0F, 0xB7, 0x0F, 0xB3, 0x0F, 0xBB, 0x14, 0x93, 0x1D, 0xB5, 0x17, 0xDF, 0x16, 0xA4, 0x18, 0x86, 0x19, 0x82, 0x1A, 0x62, 0x13, 0xC9, 0x12, 0xD0, 0x15, 0xA3, 0x17, 0x4C, 0x1C, 0x77, 0x1C, 0xC3, 0x12, 0xBD, 0x12, 0xAD, 0x0F, 0xD6, 0x0E, 0xB3, 0x0D, 0x58, 0x07, 0x98, 0x15, 0xD5, 0x02, 0x89, 0x0B, 0x6E, 0x0F, 0xD5, 0xFF};
static CONST_ALIGINED u8 pinyin_yue[] = {0x0F, 0xCE, 0x0F, 0xC9, 0x0F, 0xC8, 0x0F, 0xCA, 0x0F, 0xD0, 0x08, 0x4B, 0x0F, 0xCC, 0x0F, 0xCF, 0x0F, 0xC7, 0x0C, 0x58, 0x0F, 0xCD, 0x0F, 0xCB, 0x16, 0x32, 0x19, 0xCE, 0x18, 0x88, 0x11, 0xCE, 0x17, 0x84, 0x17, 0xD5, 0x14, 0x1A, 0x14, 0x8A, 0x08, 0x00, 0x16, 0x7D, 0x0C, 0x5B, 0x0E, 0xF0, 0x0D, 0x31, 0x1C, 0x8B, 0x1D, 0x62, 0x19, 0xD2, 0x0B, 0x71, 0xFF};
static CONST_ALIGINED u8 pinyin_yun[] = {0x0F, 0xD2, 0x0F, 0xD7, 0x0F, 0xDA, 0x0F, 0xD6, 0x0F, 0xD4, 0x0F, 0xDB, 0x0F, 0xD5, 0x0F, 0xDC, 0x0F, 0xD1, 0x0F, 0xD8, 0x0F, 0xD9, 0x0F, 0xD3, 0x0F, 0xBD, 0x18, 0x7F, 0x15, 0x61, 0x15, 0x72, 0x12, 0x5D, 0x12, 0xD1, 0x1C, 0xB3, 0x17, 0x60, 0x18, 0x2C, 0x14, 0xEB, 0x17, 0xEB, 0x16, 0xE1, 0x19, 0x0A, 0x07, 0xA9, 0x16, 0xA3, 0x0D, 0x84, 0x0F, 0x4C, 0x0F, 0xC5, 0x0D, 0x88, 0x0D, 0x87, 0x03, 0x81, 0x0F, 0xC3, 0x13, 0x4B, 0xFF};
static CONST_ALIGINED u8 pinyin_za[] = {0x0F, 0xDF, 0x0F, 0xDE, 0x10, 0x19, 0x0F, 0xDD, 0x10, 0x0F, 0x0F, 0xE7, 0x14, 0x04, 0x13, 0xB0, 0x14, 0x3B, 0x14, 0x6E, 0x11, 0xD0, 0xFF};
static CONST_ALIGINED u8 pinyin_zai[] = {0x0F, 0xE6, 0x0F, 0xE5, 0x0F, 0xE2, 0x0F, 0xE4, 0x0F, 0xE0, 0x0F, 0xE3, 0x0F, 0xE1, 0x17, 0x27, 0x14, 0xC6, 0x11, 0x08, 0x01, 0xE0, 0xFF};
static CONST_ALIGINED u8 pinyin_zan[] = {0x0F, 0xE7, 0x0F, 0xE9, 0x0F, 0xE8, 0x0F, 0xEA, 0x1C, 0xD5, 0x1D, 0x31, 0x1D, 0x14, 0x17, 0x5D, 0x13, 0xB0, 0x18, 0x2F, 0x1D, 0xC1, 0x15, 0xD6, 0x15, 0xF2, 0xFF};
static CONST_ALIGINED u8 pinyin_zang[] = {0x0F, 0xEC, 0x0F, 0xED, 0x0F, 0xEB, 0x01, 0xF3, 0x13, 0xA1, 0x18, 0x1C, 0x16, 0xC2, 0x15, 0x9D, 0xFF};
static CONST_ALIGINED u8 pinyin_zao[] = {0x0F, 0xF2, 0x0F, 0xF3, 0x10, 0x01, 0x0F, 0xEE, 0x0F, 0xEF, 0x10, 0x03, 0x10, 0x04, 0x0F, 0xF0, 0x0F, 0xF6, 0x0F, 0xF1, 0x10, 0x02, 0x10, 0x00, 0x0F, 0xF4, 0x0F, 0xF5, 0x14, 0x2E, 0x01, 0xF6, 0x07, 0x23, 0x17, 0x1B, 0x17, 0x21, 0x02, 0x01, 0xFF};
static CONST_ALIGINED u8 pinyin_ze[] = {0x10, 0x07, 0x10, 0x05, 0x10, 0x06, 0x10, 0x08, 0x10, 0x19, 0x02, 0x04, 0x1C, 0xBA, 0x1C, 0xEA, 0x14, 0x99, 0x16, 0x49, 0x14, 0x33, 0x11, 0x57, 0x18, 0x2A, 0x1C, 0xA5, 0x11, 0x64, 0x02, 0x02, 0x02, 0xCB, 0x11, 0x2D, 0x1A, 0x54, 0x12, 0x2E, 0xFF};
static CONST_ALIGINED u8 pinyin_zei[] = {0x10, 0x09, 0x1D, 0xE2, 0xFF};
static CONST_ALIGINED u8 pinyin_zen[] = {0x10, 0x0A, 0x12, 0x30, 0x11, 0xC3, 0xFF};
static CONST_ALIGINED u8 pinyin_zeng[] = {0x10, 0x0B, 0x10, 0x0E, 0x10, 0x0C, 0x10, 0x0D, 0x11, 0x13, 0x17, 0x1E, 0x19, 0xAD, 0x18, 0x21, 0x1A, 0x01, 0xFF};
static CONST_ALIGINED u8 pinyin_zha[] = {0x10, 0x0F, 0x10, 0x1B, 0x10, 0x11, 0x10, 0x15, 0x10, 0x16, 0x10, 0x18, 0x10, 0x1A, 0x10, 0x13, 0x10, 0x1C, 0x10, 0x14, 0x10, 0x12, 0x08, 0x24, 0x02, 0x0D, 0x10, 0x17, 0x10, 0x19, 0x10, 0x10, 0x19, 0x53, 0x1A, 0x96, 0x13, 0xED, 0x14, 0x2C, 0x17, 0xB0, 0x15, 0x0B, 0x1C, 0x3D, 0x13, 0xC1, 0x14, 0x45, 0x11, 0x2D, 0x14, 0x23, 0x1E, 0x5D, 0x02, 0x05, 0x03, 0x84, 0x15, 0x55, 0x02, 0x09, 0x15, 0xEA, 0x1C, 0xA5, 0x18, 0xC4, 0x12, 0xEC, 0x1D, 0xF0, 0x1D, 0xAC, 0xFF};
static CONST_ALIGINED u8 pinyin_zhai[] = {0x10, 0x1D, 0x10, 0x20, 0x10, 0x21, 0x10, 0x1E, 0x10, 0x22, 0x10, 0x06, 0x03, 0x1B, 0x10, 0x1F, 0x02, 0x04, 0x05, 0xAB, 0x19, 0x5D, 0x1A, 0xB9, 0x03, 0x6D, 0x02, 0x15, 0x02, 0xA3, 0x1C, 0xBA, 0x18, 0xC4, 0x10, 0x05, 0x16, 0xC8, 0xFF};
static CONST_ALIGINED u8 pinyin_zhan[] = {0x10, 0x31, 0x10, 0x2F, 0x10, 0x30, 0x10, 0x28, 0x10, 0x27, 0x10, 0x26, 0x10, 0x24, 0x10, 0x2C, 0x10, 0x2E, 0x10, 0x25, 0x02, 0x20, 0x10, 0x2D, 0x10, 0x32, 0x10, 0x33, 0x10, 0x29, 0x10, 0x2A, 0x10, 0x2B, 0x10, 0x23, 0x12, 0x34, 0x13, 0xCF, 0x18, 0xE1, 0x15, 0xF2, 0x16, 0x28, 0x0C, 0xBC, 0x0A, 0xC4, 0x1D, 0x8A, 0x1D, 0x4E, 0x16, 0xD8, 0xFF};
static CONST_ALIGINED u8 pinyin_zhang[] = {0x10, 0x38, 0x10, 0x35, 0x02, 0x26, 0x10, 0x3D, 0x10, 0x3F, 0x10, 0x3C, 0x10, 0x39, 0x10, 0x3A, 0x10, 0x3E, 0x10, 0x34, 0x10, 0x3B, 0x10, 0x36, 0x10, 0x37, 0x10, 0x40, 0x10, 0x41, 0x10, 0x42, 0x11, 0x7C, 0x16, 0xB3, 0x14, 0x9E, 0x12, 0x69, 0x17, 0x57, 0x14, 0xD0, 0x15, 0x10, 0x1C, 0x84, 0x02, 0x52, 0xFF};
static CONST_ALIGINED u8 pinyin_zhao[] = {0x10, 0x45, 0x10, 0xF4, 0x10, 0x48, 0x10, 0x43, 0x10, 0x49, 0x10, 0xD5, 0x10, 0x4A, 0x02, 0x31, 0x10, 0x44, 0x10, 0x46, 0x10, 0x4B, 0x02, 0x32, 0x10, 0x4C, 0x10, 0x47, 0x17, 0xA5, 0x14, 0x38, 0x19, 0xB5, 0x1C, 0x9E, 0x12, 0x05, 0x18, 0x37, 0x0C, 0xD3, 0x09, 0xCD, 0x16, 0x2E, 0x10, 0xC9, 0x0F, 0xF5, 0xFF};
static CONST_ALIGINED u8 pinyin_zhe[] = {0x10, 0xF4, 0x10, 0x55, 0x10, 0x52, 0x10, 0x4E, 0x10, 0x4D, 0x10, 0x50, 0x10, 0x4F, 0x10, 0x54, 0x10, 0x53, 0x10, 0x51, 0x10, 0x56, 0x17, 0x76, 0x18, 0x0A, 0x1D, 0x33, 0x13, 0xD6, 0x1A, 0x83, 0x19, 0x6C, 0x1A, 0xEE, 0x1C, 0x4F, 0x12, 0x2E, 0x11, 0x42, 0x14, 0x5B, 0x14, 0x72, 0x03, 0x67, 0x0C, 0x41, 0x0B, 0xC1, 0x02, 0x64, 0x13, 0x9E, 0x09, 0xEA, 0x1A, 0xE2, 0x18, 0x01, 0x12, 0x44, 0x1A, 0x6C, 0xFF};
static CONST_ALIGINED u8 pinyin_zhei[] = {0x10, 0x55, 0xFF};
static CONST_ALIGINED u8 pinyin_zhen[] = {0x10, 0x59, 0x10, 0x66, 0x10, 0x65, 0x10, 0x5E, 0x10, 0x63, 0x10, 0x60, 0x10, 0x64, 0x10, 0x58, 0x10, 0x57, 0x10, 0x61, 0x10, 0x62, 0x10, 0x5A, 0x10, 0x5B, 0x10, 0x5C, 0x10, 0x5D, 0x10, 0x5F, 0x17, 0x10, 0x13, 0x61, 0x19, 0x26, 0x1C, 0xC5, 0x18, 0x02, 0x17, 0xC0, 0x1A, 0x53, 0x18, 0x4E, 0x18, 0xA8, 0x1A, 0x64, 0x18, 0x9D, 0x15, 0xC2, 0x17, 0x8C, 0x19, 0xA0, 0x12, 0x8E, 0x17, 0xAE, 0x02, 0x9D, 0x12, 0x97, 0x0C, 0xEF, 0x0B, 0xD5, 0x18, 0x18, 0x16, 0x00, 0x03, 0x28, 0x02, 0x45, 0x1D, 0xD7, 0x03, 0x4B, 0xFF};
static CONST_ALIGINED u8 pinyin_zheng[] = {0x10, 0x74, 0x10, 0x70, 0x10, 0x6E, 0x10, 0x69, 0x10, 0x6C, 0x10, 0x68, 0x10, 0x6A, 0x10, 0x6D, 0x10, 0x75, 0x10, 0x72, 0x10, 0x73, 0x10, 0x6F, 0x03, 0x46, 0x10, 0x67, 0x10, 0x6B, 0x10, 0x71, 0x14, 0xB9, 0x19, 0xC8, 0x19, 0xEE, 0x1C, 0xB2, 0x12, 0x10, 0x14, 0xE1, 0x1D, 0xE3, 0x11, 0x3A, 0x11, 0x87, 0x02, 0x52, 0x02, 0x2A, 0x10, 0x8A, 0x19, 0x9B, 0x19, 0x97, 0x0C, 0xCC, 0xFF};
static CONST_ALIGINED u8 pinyin_zhi[] = {0x10, 0x8C, 0x10, 0x7F, 0x10, 0x82, 0x10, 0x7B, 0x10, 0x97, 0x10, 0x89, 0x10, 0x8E, 0x10, 0x78, 0x10, 0x76, 0x10, 0x77, 0x10, 0x9A, 0x10, 0x79, 0x10, 0x7A, 0x10, 0x9B, 0x10, 0x7C, 0x10, 0x7D, 0x10, 0x7E, 0x10, 0x9C, 0x10, 0x80, 0x10, 0x81, 0x10, 0x9D, 0x10, 0x83, 0x03, 0x1D, 0x10, 0x84, 0x10, 0x85, 0x10, 0x86, 0x10, 0x87, 0x10, 0x88, 0x10, 0x9E, 0x10, 0x8A, 0x10, 0x8B, 0x10, 0x9F, 0x10, 0x8D, 0x10, 0xA0, 0x10, 0x8F, 0x10, 0x90, 0x10, 0x91, 0x10, 0x92, 0x10, 0x93, 0x10, 0x94, 0x10, 0x95, 0x0B, 0xF2, 0x10, 0x96, 0x0C, 0x14, 0x10, 0x98, 0x10, 0x99, 0x14, 0x95, 0x13, 0xD4, 0x19, 0x78, 0x17, 0x8B, 0x17, 0x7E, 0x18, 0x00, 0x15, 0x46, 0x19, 0x1E, 0x1C, 0x45, 0x18, 0xC3, 0x1D, 0x9B, 0x12, 0x58, 0x17, 0x80, 0x16, 0x6D, 0x12, 0xD8, 0x19, 0x24, 0x16, 0x6F, 0x1A, 0x6C, 0x1D, 0x26, 0x1D, 0x73, 0x18, 0x9F, 0x16, 0xD1, 0x18, 0x07, 0x1A, 0x9D, 0x12, 0x42, 0x1D, 0x76, 0x1A, 0x48, 0x12, 0xAE, 0x18, 0x4A, 0x11, 0x45, 0x1D, 0x3F, 0x1D, 0x8E, 0x1D, 0x5F, 0x17, 0x75, 0x05, 0xAA, 0x01, 0x02, 0x15, 0x1B, 0x03, 0x85, 0x0B, 0xF1, 0x14, 0xE1, 0x0C, 0x16, 0x0D, 0x40, 0x18, 0x33, 0x0F, 0xE0, 0x11, 0x46, 0x0C, 0x03, 0x0A, 0xA9, 0x05, 0x8A, 0x18, 0x34, 0x02, 0x5B, 0x12, 0x5E, 0x0D, 0x04, 0x1A, 0x61, 0xFF};
static CONST_ALIGINED u8 pinyin_zhong[] = {0x10, 0xA9, 0x10, 0xA1, 0x10, 0xA7, 0x10, 0xA4, 0x10, 0xA8, 0x10, 0xAB, 0x10, 0xA6, 0x10, 0xA2, 0x10, 0xA3, 0x10, 0xAA, 0x10, 0xA5, 0x1D, 0x7A, 0x1C, 0xE4, 0x1C, 0x83, 0x1A, 0x45, 0x11, 0xF0, 0x15, 0x4D, 0x15, 0x1B, 0x16, 0x22, 0x0D, 0x17, 0x1C, 0xDC, 0x03, 0x52, 0x1C, 0x33, 0xFF};
static CONST_ALIGINED u8 pinyin_zhou[] = {0x10, 0xAD, 0x10, 0xAF, 0x10, 0xB6, 0x10, 0xB1, 0x10, 0xAE, 0x10, 0xB2, 0x10, 0xAC, 0x10, 0xB8, 0x10, 0xB9, 0x10, 0xB7, 0x10, 0xB0, 0x10, 0xB3, 0x10, 0xB4, 0x10, 0xB5, 0x1D, 0x29, 0x18, 0x9A, 0x16, 0xDD, 0x13, 0x20, 0x14, 0x38, 0x19, 0x67, 0x16, 0xE7, 0x1C, 0xD9, 0x16, 0x8A, 0x1D, 0x38, 0x11, 0x99, 0x11, 0xB2, 0x10, 0xF3, 0x14, 0x55, 0x04, 0x18, 0x0A, 0x01, 0x17, 0x7D, 0x10, 0xD1, 0x10, 0xD2, 0x1C, 0xE9, 0x12, 0x17, 0x03, 0x3E, 0x10, 0xC1, 0x0F, 0x79, 0x16, 0xC5, 0x16, 0x7B, 0xFF};
static CONST_ALIGINED u8 pinyin_zhu[] = {0x10, 0xCE, 0x10, 0xBE, 0x10, 0xD0, 0x10, 0xC8, 0x10, 0xC2, 0x10, 0xBB, 0x10, 0xC4, 0x10, 0xCF, 0x10, 0xC9, 0x10, 0xCD, 0x10, 0xC7, 0x10, 0xC5, 0x10, 0xD1, 0x10, 0xD2, 0x10, 0xD3, 0x0C, 0x39, 0x0C, 0x3A, 0x10, 0xBA, 0x10, 0xC6, 0x10, 0xBC, 0x10, 0xBD, 0x10, 0xCA, 0x10, 0xBF, 0x10, 0xC0, 0x10, 0xC1, 0x10, 0xCB, 0x10, 0xC3, 0x10, 0xCC, 0x16, 0x19, 0x15, 0xC5, 0x11, 0x8A, 0x1A, 0xA3, 0x1D, 0x1F, 0x13, 0x0A, 0x12, 0xE3, 0x17, 0xD2, 0x1C, 0xE9, 0x17, 0x73, 0x1C, 0xBC, 0x18, 0xEC, 0x11, 0x99, 0x19, 0xE6, 0x1A, 0x98, 0x15, 0xDB, 0x1A, 0xE2, 0x1D, 0x88, 0x1E, 0x45, 0x12, 0x59, 0x17, 0xCB, 0x1C, 0x98, 0x11, 0x4D, 0x0F, 0x96, 0x09, 0xF4, 0x0C, 0x41, 0x03, 0x5C, 0x02, 0x31, 0x09, 0xF1, 0x17, 0xA1, 0x09, 0xF6, 0x16, 0x1E, 0x10, 0xF1, 0x1C, 0x3B, 0x03, 0x5F, 0x11, 0x20, 0x02, 0x7F, 0x16, 0xC5, 0xFF};
static CONST_ALIGINED u8 pinyin_zhua[] = {0x10, 0xD4, 0x10, 0xD5, 0x0D, 0x94, 0xFF};
static CONST_ALIGINED u8 pinyin_zhuai[] = {0x10, 0xD6, 0x10, 0xD9, 0xFF};
static CONST_ALIGINED u8 pinyin_zhuan[] = {0x10, 0xD9, 0x10, 0xD7, 0x10, 0xD8, 0x10, 0xDB, 0x02, 0x8B, 0x10, 0xDA, 0x10, 0xDC, 0x1C, 0x1E, 0x15, 0x2E, 0x14, 0x37, 0x15, 0xA6, 0x13, 0xA9, 0x0D, 0x2C, 0xFF};
static CONST_ALIGINED u8 pinyin_zhuang[] = {0x10, 0xDF, 0x10, 0xE1, 0x10, 0xDE, 0x10, 0xE2, 0x10, 0xDD, 0x10, 0xE3, 0x02, 0x91, 0x10, 0xE0, 0x11, 0xC6, 0x13, 0xA1, 0x19, 0x3F, 0x15, 0x9B, 0x15, 0x7E, 0x1C, 0xF1, 0x04, 0x3D, 0xFF};
static CONST_ALIGINED u8 pinyin_zhui[] = {0x10, 0xE6, 0x10, 0xE8, 0x10, 0xE9, 0x10, 0xE5, 0x10, 0xE7, 0x10, 0xE4, 0x16, 0xCF, 0x15, 0x76, 0x17, 0x0D, 0x1D, 0xB7, 0x02, 0x99, 0x02, 0x87, 0x17, 0xB8, 0x10, 0x93, 0x13, 0x41, 0x0C, 0x90, 0xFF};
static CONST_ALIGINED u8 pinyin_zhun[] = {0x10, 0xEB, 0x10, 0xEA, 0x0D, 0x35, 0x18, 0x90, 0x1A, 0xC8, 0x02, 0x9E, 0x19, 0x7E, 0x02, 0x9F, 0x18, 0x9D, 0x15, 0x1E, 0xFF};
static CONST_ALIGINED u8 pinyin_zhuo[] = {0x10, 0xEC, 0x10, 0xEF, 0x10, 0xF4, 0x10, 0xF3, 0x10, 0xED, 0x10, 0xF5, 0x10, 0xF6, 0x10, 0xEE, 0x10, 0xF0, 0x07, 0x1B, 0x10, 0xF1, 0x10, 0xF2, 0x13, 0xDF, 0x18, 0xF4, 0x16, 0x2E, 0x12, 0x18, 0x15, 0xD4, 0x15, 0xE0, 0x11, 0xAD, 0x1A, 0x41, 0x19, 0x2B, 0x19, 0x4C, 0x0B, 0xB5, 0x14, 0x44, 0x03, 0x83, 0x17, 0x63, 0x17, 0xA5, 0x09, 0xCD, 0x1C, 0xBC, 0x18, 0x90, 0x10, 0xC9, 0x13, 0x80, 0x1D, 0x5A, 0x1D, 0x70, 0x1D, 0x88, 0xFF};
static CONST_ALIGINED u8 pinyin_zi[] = {0x11, 0x0E, 0x11, 0x0C, 0x11, 0x0B, 0x11, 0x07, 0x11, 0x09, 0x11, 0x02, 0x11, 0x03, 0x10, 0x79, 0x11, 0x0A, 0x11, 0x08, 0x11, 0x00, 0x11, 0x01, 0x11, 0x06, 0x11, 0x0D, 0x11, 0x04, 0x11, 0x05, 0x1C, 0x9F, 0x1D, 0x0E, 0x1D, 0xAF, 0x1A, 0x4A, 0x19, 0x36, 0x12, 0x27, 0x1D, 0x30, 0x17, 0x04, 0x17, 0x9E, 0x1D, 0xEE, 0x1A, 0x19, 0x16, 0xBE, 0x1C, 0x01, 0x1D, 0x98, 0x1E, 0x39, 0x18, 0x4B, 0x13, 0x06, 0x1D, 0x9C, 0x14, 0xCB, 0x19, 0x85, 0x16, 0x84, 0x18, 0x0E, 0x0C, 0x07, 0x14, 0x18, 0x02, 0xAE, 0x17, 0x27, 0x02, 0xA3, 0x0F, 0xE4, 0x0E, 0x4A, 0x0A, 0xA6, 0xFF};
static CONST_ALIGINED u8 pinyin_zong[] = {0x11, 0x14, 0x11, 0x15, 0x11, 0x12, 0x11, 0x10, 0x11, 0x13, 0x11, 0x11, 0x11, 0x0F, 0x11, 0xBB, 0x1D, 0x11, 0x17, 0x6F, 0x18, 0xB4, 0xFF};
static CONST_ALIGINED u8 pinyin_zou[] = {0x11, 0x17, 0x11, 0x19, 0x11, 0x18, 0x11, 0x16, 0x1D, 0xE5, 0x12, 0x6C, 0x12, 0x44, 0x16, 0xC5, 0x12, 0x17, 0x11, 0x1D, 0x17, 0xAD, 0xFF};
static CONST_ALIGINED u8 pinyin_zu[] = {0x11, 0x21, 0x11, 0x1D, 0x11, 0x1B, 0x11, 0x20, 0x11, 0x1A, 0x11, 0x1E, 0x11, 0x1F, 0x13, 0x48, 0x1A, 0x33, 0x11, 0x1C, 0x11, 0xCD, 0x14, 0x3B, 0x14, 0x6E, 0x14, 0xD8, 0x07, 0x8A, 0x02, 0xC3, 0x12, 0xEC, 0x1D, 0x31, 0x1D, 0x87, 0x16, 0xC2, 0xFF};
static CONST_ALIGINED u8 pinyin_zuan[] = {0x11, 0x22, 0x11, 0x23, 0x10, 0xDB, 0x17, 0x23, 0x1D, 0x8C, 0x13, 0xE1, 0x02, 0xC9, 0x0F, 0xE8, 0xFF};
static CONST_ALIGINED u8 pinyin_zui[] = {0x11, 0x26, 0x11, 0x24, 0x11, 0x25, 0x11, 0x27, 0x03, 0x76, 0x07, 0x87, 0x1D, 0x98, 0x13, 0x80, 0x02, 0xBD, 0x02, 0xC9, 0x1D, 0x04, 0xFF};
static CONST_ALIGINED u8 pinyin_zun[] = {0x11, 0x28, 0x11, 0x29, 0x1E, 0x0D, 0x13, 0xD9, 0x17, 0xDC, 0x03, 0x33, 0x03, 0x7C, 0xFF};
static CONST_ALIGINED u8 pinyin_zuo[] = {0x11, 0x2E, 0x11, 0x2F, 0x11, 0x30, 0x11, 0x2B, 0x11, 0x31, 0x11, 0x2A, 0x0F, 0xF0, 0x10, 0xF0, 0x02, 0xC9, 0x11, 0x2C, 0x1C, 0xA5, 0x14, 0x78, 0x1D, 0x3B, 0x14, 0x30, 0x19, 0x22, 0x18, 0x9B, 0x15, 0x55, 0x12, 0x3E, 0x11, 0x2D, 0x10, 0x1A, 0x02, 0xCC, 0x19, 0x53, 0x02, 0xB7, 0xFF};

static const struct PinyinCandidateGroup sPinyinCandidateGroups[] =
{
    {(const u8 *)"a", pinyin_a},
    {(const u8 *)"ai", pinyin_ai},
    {(const u8 *)"an", pinyin_an},
    {(const u8 *)"ang", pinyin_ang},
    {(const u8 *)"ao", pinyin_ao},
    {(const u8 *)"ba", pinyin_ba},
    {(const u8 *)"bai", pinyin_bai},
    {(const u8 *)"ban", pinyin_ban},
    {(const u8 *)"bang", pinyin_bang},
    {(const u8 *)"bao", pinyin_bao},
    {(const u8 *)"bei", pinyin_bei},
    {(const u8 *)"ben", pinyin_ben},
    {(const u8 *)"beng", pinyin_beng},
    {(const u8 *)"bi", pinyin_bi},
    {(const u8 *)"bian", pinyin_bian},
    {(const u8 *)"biao", pinyin_biao},
    {(const u8 *)"bie", pinyin_bie},
    {(const u8 *)"bin", pinyin_bin},
    {(const u8 *)"bing", pinyin_bing},
    {(const u8 *)"bo", pinyin_bo},
    {(const u8 *)"bu", pinyin_bu},
    {(const u8 *)"ca", pinyin_ca},
    {(const u8 *)"cai", pinyin_cai},
    {(const u8 *)"can", pinyin_can},
    {(const u8 *)"cang", pinyin_cang},
    {(const u8 *)"cao", pinyin_cao},
    {(const u8 *)"ce", pinyin_ce},
    {(const u8 *)"cen", pinyin_cen},
    {(const u8 *)"ceng", pinyin_ceng},
    {(const u8 *)"cha", pinyin_cha},
    {(const u8 *)"chai", pinyin_chai},
    {(const u8 *)"chan", pinyin_chan},
    {(const u8 *)"chang", pinyin_chang},
    {(const u8 *)"chao", pinyin_chao},
    {(const u8 *)"che", pinyin_che},
    {(const u8 *)"chen", pinyin_chen},
    {(const u8 *)"cheng", pinyin_cheng},
    {(const u8 *)"chi", pinyin_chi},
    {(const u8 *)"chong", pinyin_chong},
    {(const u8 *)"chou", pinyin_chou},
    {(const u8 *)"chu", pinyin_chu},
    {(const u8 *)"chua", pinyin_chua},
    {(const u8 *)"chuai", pinyin_chuai},
    {(const u8 *)"chuan", pinyin_chuan},
    {(const u8 *)"chuang", pinyin_chuang},
    {(const u8 *)"chui", pinyin_chui},
    {(const u8 *)"chun", pinyin_chun},
    {(const u8 *)"chuo", pinyin_chuo},
    {(const u8 *)"ci", pinyin_ci},
    {(const u8 *)"cong", pinyin_cong},
    {(const u8 *)"cou", pinyin_cou},
    {(const u8 *)"cu", pinyin_cu},
    {(const u8 *)"cuan", pinyin_cuan},
    {(const u8 *)"cui", pinyin_cui},
    {(const u8 *)"cun", pinyin_cun},
    {(const u8 *)"cuo", pinyin_cuo},
    {(const u8 *)"da", pinyin_da},
    {(const u8 *)"dai", pinyin_dai},
    {(const u8 *)"dan", pinyin_dan},
    {(const u8 *)"dang", pinyin_dang},
    {(const u8 *)"dao", pinyin_dao},
    {(const u8 *)"de", pinyin_de},
    {(const u8 *)"dei", pinyin_dei},
    {(const u8 *)"deng", pinyin_deng},
    {(const u8 *)"di", pinyin_di},
    {(const u8 *)"dia", pinyin_dia},
    {(const u8 *)"dian", pinyin_dian},
    {(const u8 *)"diao", pinyin_diao},
    {(const u8 *)"die", pinyin_die},
    {(const u8 *)"ding", pinyin_ding},
    {(const u8 *)"diu", pinyin_diu},
    {(const u8 *)"dong", pinyin_dong},
    {(const u8 *)"dou", pinyin_dou},
    {(const u8 *)"du", pinyin_du},
    {(const u8 *)"duan", pinyin_duan},
    {(const u8 *)"dui", pinyin_dui},
    {(const u8 *)"dun", pinyin_dun},
    {(const u8 *)"duo", pinyin_duo},
    {(const u8 *)"e", pinyin_e},
    {(const u8 *)"ei", pinyin_ei},
    {(const u8 *)"en", pinyin_en},
    {(const u8 *)"er", pinyin_er},
    {(const u8 *)"fa", pinyin_fa},
    {(const u8 *)"fan", pinyin_fan},
    {(const u8 *)"fang", pinyin_fang},
    {(const u8 *)"fei", pinyin_fei},
    {(const u8 *)"fen", pinyin_fen},
    {(const u8 *)"feng", pinyin_feng},
    {(const u8 *)"fo", pinyin_fo},
    {(const u8 *)"fou", pinyin_fou},
    {(const u8 *)"fu", pinyin_fu},
    {(const u8 *)"ga", pinyin_ga},
    {(const u8 *)"gai", pinyin_gai},
    {(const u8 *)"gan", pinyin_gan},
    {(const u8 *)"gang", pinyin_gang},
    {(const u8 *)"gao", pinyin_gao},
    {(const u8 *)"ge", pinyin_ge},
    {(const u8 *)"gei", pinyin_gei},
    {(const u8 *)"gen", pinyin_gen},
    {(const u8 *)"geng", pinyin_geng},
    {(const u8 *)"gong", pinyin_gong},
    {(const u8 *)"gou", pinyin_gou},
    {(const u8 *)"gu", pinyin_gu},
    {(const u8 *)"gua", pinyin_gua},
    {(const u8 *)"guai", pinyin_guai},
    {(const u8 *)"guan", pinyin_guan},
    {(const u8 *)"guang", pinyin_guang},
    {(const u8 *)"gui", pinyin_gui},
    {(const u8 *)"gun", pinyin_gun},
    {(const u8 *)"guo", pinyin_guo},
    {(const u8 *)"ha", pinyin_ha},
    {(const u8 *)"hai", pinyin_hai},
    {(const u8 *)"han", pinyin_han},
    {(const u8 *)"hang", pinyin_hang},
    {(const u8 *)"hao", pinyin_hao},
    {(const u8 *)"he", pinyin_he},
    {(const u8 *)"hei", pinyin_hei},
    {(const u8 *)"hen", pinyin_hen},
    {(const u8 *)"heng", pinyin_heng},
    {(const u8 *)"hong", pinyin_hong},
    {(const u8 *)"hou", pinyin_hou},
    {(const u8 *)"hu", pinyin_hu},
    {(const u8 *)"hua", pinyin_hua},
    {(const u8 *)"huai", pinyin_huai},
    {(const u8 *)"huan", pinyin_huan},
    {(const u8 *)"huang", pinyin_huang},
    {(const u8 *)"hui", pinyin_hui},
    {(const u8 *)"hun", pinyin_hun},
    {(const u8 *)"huo", pinyin_huo},
    {(const u8 *)"ji", pinyin_ji},
    {(const u8 *)"jia", pinyin_jia},
    {(const u8 *)"jian", pinyin_jian},
    {(const u8 *)"jiang", pinyin_jiang},
    {(const u8 *)"jiao", pinyin_jiao},
    {(const u8 *)"jie", pinyin_jie},
    {(const u8 *)"jin", pinyin_jin},
    {(const u8 *)"jing", pinyin_jing},
    {(const u8 *)"jiong", pinyin_jiong},
    {(const u8 *)"jiu", pinyin_jiu},
    {(const u8 *)"ju", pinyin_ju},
    {(const u8 *)"juan", pinyin_juan},
    {(const u8 *)"jue", pinyin_jue},
    {(const u8 *)"jun", pinyin_jun},
    {(const u8 *)"ka", pinyin_ka},
    {(const u8 *)"kai", pinyin_kai},
    {(const u8 *)"kan", pinyin_kan},
    {(const u8 *)"kang", pinyin_kang},
    {(const u8 *)"kao", pinyin_kao},
    {(const u8 *)"ke", pinyin_ke},
    {(const u8 *)"kei", pinyin_kei},
    {(const u8 *)"ken", pinyin_ken},
    {(const u8 *)"keng", pinyin_keng},
    {(const u8 *)"kong", pinyin_kong},
    {(const u8 *)"kou", pinyin_kou},
    {(const u8 *)"ku", pinyin_ku},
    {(const u8 *)"kua", pinyin_kua},
    {(const u8 *)"kuai", pinyin_kuai},
    {(const u8 *)"kuan", pinyin_kuan},
    {(const u8 *)"kuang", pinyin_kuang},
    {(const u8 *)"kui", pinyin_kui},
    {(const u8 *)"kun", pinyin_kun},
    {(const u8 *)"kuo", pinyin_kuo},
    {(const u8 *)"la", pinyin_la},
    {(const u8 *)"lai", pinyin_lai},
    {(const u8 *)"lan", pinyin_lan},
    {(const u8 *)"lang", pinyin_lang},
    {(const u8 *)"lao", pinyin_lao},
    {(const u8 *)"le", pinyin_le},
    {(const u8 *)"lei", pinyin_lei},
    {(const u8 *)"len", pinyin_len},
    {(const u8 *)"leng", pinyin_leng},
    {(const u8 *)"li", pinyin_li},
    {(const u8 *)"lia", pinyin_lia},
    {(const u8 *)"lian", pinyin_lian},
    {(const u8 *)"liang", pinyin_liang},
    {(const u8 *)"liao", pinyin_liao},
    {(const u8 *)"lie", pinyin_lie},
    {(const u8 *)"lin", pinyin_lin},
    {(const u8 *)"ling", pinyin_ling},
    {(const u8 *)"liu", pinyin_liu},
    {(const u8 *)"lo", pinyin_lo},
    {(const u8 *)"long", pinyin_long},
    {(const u8 *)"lou", pinyin_lou},
    {(const u8 *)"lu", pinyin_lu},
    {(const u8 *)"luan", pinyin_luan},
    {(const u8 *)"lue", pinyin_lue},
    {(const u8 *)"lun", pinyin_lun},
    {(const u8 *)"luo", pinyin_luo},
    {(const u8 *)"lv", pinyin_lv},
    {(const u8 *)"lve", pinyin_lve},
    {(const u8 *)"m", pinyin_m},
    {(const u8 *)"ma", pinyin_ma},
    {(const u8 *)"mai", pinyin_mai},
    {(const u8 *)"man", pinyin_man},
    {(const u8 *)"mang", pinyin_mang},
    {(const u8 *)"mao", pinyin_mao},
    {(const u8 *)"me", pinyin_me},
    {(const u8 *)"mei", pinyin_mei},
    {(const u8 *)"men", pinyin_men},
    {(const u8 *)"meng", pinyin_meng},
    {(const u8 *)"mi", pinyin_mi},
    {(const u8 *)"mian", pinyin_mian},
    {(const u8 *)"miao", pinyin_miao},
    {(const u8 *)"mie", pinyin_mie},
    {(const u8 *)"min", pinyin_min},
    {(const u8 *)"ming", pinyin_ming},
    {(const u8 *)"miu", pinyin_miu},
    {(const u8 *)"mo", pinyin_mo},
    {(const u8 *)"mou", pinyin_mou},
    {(const u8 *)"mu", pinyin_mu},
    {(const u8 *)"n", pinyin_n},
    {(const u8 *)"na", pinyin_na},
    {(const u8 *)"nai", pinyin_nai},
    {(const u8 *)"nan", pinyin_nan},
    {(const u8 *)"nang", pinyin_nang},
    {(const u8 *)"nao", pinyin_nao},
    {(const u8 *)"ne", pinyin_ne},
    {(const u8 *)"nei", pinyin_nei},
    {(const u8 *)"nen", pinyin_nen},
    {(const u8 *)"neng", pinyin_neng},
    {(const u8 *)"ng", pinyin_ng},
    {(const u8 *)"ni", pinyin_ni},
    {(const u8 *)"nian", pinyin_nian},
    {(const u8 *)"niang", pinyin_niang},
    {(const u8 *)"niao", pinyin_niao},
    {(const u8 *)"nie", pinyin_nie},
    {(const u8 *)"nin", pinyin_nin},
    {(const u8 *)"ning", pinyin_ning},
    {(const u8 *)"niu", pinyin_niu},
    {(const u8 *)"nong", pinyin_nong},
    {(const u8 *)"nou", pinyin_nou},
    {(const u8 *)"nu", pinyin_nu},
    {(const u8 *)"nuan", pinyin_nuan},
    {(const u8 *)"nue", pinyin_nue},
    {(const u8 *)"nuo", pinyin_nuo},
    {(const u8 *)"nv", pinyin_nv},
    {(const u8 *)"nve", pinyin_nve},
    {(const u8 *)"o", pinyin_o},
    {(const u8 *)"ou", pinyin_ou},
    {(const u8 *)"pa", pinyin_pa},
    {(const u8 *)"pai", pinyin_pai},
    {(const u8 *)"pan", pinyin_pan},
    {(const u8 *)"pang", pinyin_pang},
    {(const u8 *)"pao", pinyin_pao},
    {(const u8 *)"pei", pinyin_pei},
    {(const u8 *)"pen", pinyin_pen},
    {(const u8 *)"peng", pinyin_peng},
    {(const u8 *)"pi", pinyin_pi},
    {(const u8 *)"pian", pinyin_pian},
    {(const u8 *)"pianpang", pinyin_pianpang},
    {(const u8 *)"piao", pinyin_piao},
    {(const u8 *)"pie", pinyin_pie},
    {(const u8 *)"pin", pinyin_pin},
    {(const u8 *)"ping", pinyin_ping},
    {(const u8 *)"po", pinyin_po},
    {(const u8 *)"pou", pinyin_pou},
    {(const u8 *)"pu", pinyin_pu},
    {(const u8 *)"qi", pinyin_qi},
    {(const u8 *)"qia", pinyin_qia},
    {(const u8 *)"qian", pinyin_qian},
    {(const u8 *)"qiang", pinyin_qiang},
    {(const u8 *)"qiao", pinyin_qiao},
    {(const u8 *)"qie", pinyin_qie},
    {(const u8 *)"qin", pinyin_qin},
    {(const u8 *)"qing", pinyin_qing},
    {(const u8 *)"qiong", pinyin_qiong},
    {(const u8 *)"qiu", pinyin_qiu},
    {(const u8 *)"qu", pinyin_qu},
    {(const u8 *)"quan", pinyin_quan},
    {(const u8 *)"que", pinyin_que},
    {(const u8 *)"qun", pinyin_qun},
    {(const u8 *)"ran", pinyin_ran},
    {(const u8 *)"rang", pinyin_rang},
    {(const u8 *)"rao", pinyin_rao},
    {(const u8 *)"re", pinyin_re},
    {(const u8 *)"ren", pinyin_ren},
    {(const u8 *)"reng", pinyin_reng},
    {(const u8 *)"ri", pinyin_ri},
    {(const u8 *)"rong", pinyin_rong},
    {(const u8 *)"rou", pinyin_rou},
    {(const u8 *)"ru", pinyin_ru},
    {(const u8 *)"ruan", pinyin_ruan},
    {(const u8 *)"rui", pinyin_rui},
    {(const u8 *)"run", pinyin_run},
    {(const u8 *)"ruo", pinyin_ruo},
    {(const u8 *)"sa", pinyin_sa},
    {(const u8 *)"sai", pinyin_sai},
    {(const u8 *)"san", pinyin_san},
    {(const u8 *)"sang", pinyin_sang},
    {(const u8 *)"sao", pinyin_sao},
    {(const u8 *)"se", pinyin_se},
    {(const u8 *)"sen", pinyin_sen},
    {(const u8 *)"seng", pinyin_seng},
    {(const u8 *)"sha", pinyin_sha},
    {(const u8 *)"shai", pinyin_shai},
    {(const u8 *)"shan", pinyin_shan},
    {(const u8 *)"shang", pinyin_shang},
    {(const u8 *)"shao", pinyin_shao},
    {(const u8 *)"she", pinyin_she},
    {(const u8 *)"shei", pinyin_shei},
    {(const u8 *)"shen", pinyin_shen},
    {(const u8 *)"sheng", pinyin_sheng},
    {(const u8 *)"shi", pinyin_shi},
    {(const u8 *)"shou", pinyin_shou},
    {(const u8 *)"shu", pinyin_shu},
    {(const u8 *)"shua", pinyin_shua},
    {(const u8 *)"shuai", pinyin_shuai},
    {(const u8 *)"shuan", pinyin_shuan},
    {(const u8 *)"shuang", pinyin_shuang},
    {(const u8 *)"shui", pinyin_shui},
    {(const u8 *)"shun", pinyin_shun},
    {(const u8 *)"shuo", pinyin_shuo},
    {(const u8 *)"shw", pinyin_shw},
    {(const u8 *)"si", pinyin_si},
    {(const u8 *)"song", pinyin_song},
    {(const u8 *)"sou", pinyin_sou},
    {(const u8 *)"su", pinyin_su},
    {(const u8 *)"suan", pinyin_suan},
    {(const u8 *)"sui", pinyin_sui},
    {(const u8 *)"sun", pinyin_sun},
    {(const u8 *)"suo", pinyin_suo},
    {(const u8 *)"ta", pinyin_ta},
    {(const u8 *)"tai", pinyin_tai},
    {(const u8 *)"tan", pinyin_tan},
    {(const u8 *)"tang", pinyin_tang},
    {(const u8 *)"tao", pinyin_tao},
    {(const u8 *)"te", pinyin_te},
    {(const u8 *)"tei", pinyin_tei},
    {(const u8 *)"teng", pinyin_teng},
    {(const u8 *)"ti", pinyin_ti},
    {(const u8 *)"tian", pinyin_tian},
    {(const u8 *)"tiao", pinyin_tiao},
    {(const u8 *)"tie", pinyin_tie},
    {(const u8 *)"ting", pinyin_ting},
    {(const u8 *)"tong", pinyin_tong},
    {(const u8 *)"tou", pinyin_tou},
    {(const u8 *)"tu", pinyin_tu},
    {(const u8 *)"tuan", pinyin_tuan},
    {(const u8 *)"tui", pinyin_tui},
    {(const u8 *)"tun", pinyin_tun},
    {(const u8 *)"tuo", pinyin_tuo},
    {(const u8 *)"wa", pinyin_wa},
    {(const u8 *)"wai", pinyin_wai},
    {(const u8 *)"wan", pinyin_wan},
    {(const u8 *)"wang", pinyin_wang},
    {(const u8 *)"wei", pinyin_wei},
    {(const u8 *)"wen", pinyin_wen},
    {(const u8 *)"weng", pinyin_weng},
    {(const u8 *)"wo", pinyin_wo},
    {(const u8 *)"wu", pinyin_wu},
    {(const u8 *)"xi", pinyin_xi},
    {(const u8 *)"xia", pinyin_xia},
    {(const u8 *)"xian", pinyin_xian},
    {(const u8 *)"xiang", pinyin_xiang},
    {(const u8 *)"xiao", pinyin_xiao},
    {(const u8 *)"xie", pinyin_xie},
    {(const u8 *)"xin", pinyin_xin},
    {(const u8 *)"xing", pinyin_xing},
    {(const u8 *)"xiong", pinyin_xiong},
    {(const u8 *)"xiu", pinyin_xiu},
    {(const u8 *)"xu", pinyin_xu},
    {(const u8 *)"xuan", pinyin_xuan},
    {(const u8 *)"xue", pinyin_xue},
    {(const u8 *)"xun", pinyin_xun},
    {(const u8 *)"ya", pinyin_ya},
    {(const u8 *)"yan", pinyin_yan},
    {(const u8 *)"yang", pinyin_yang},
    {(const u8 *)"yao", pinyin_yao},
    {(const u8 *)"ye", pinyin_ye},
    {(const u8 *)"yi", pinyin_yi},
    {(const u8 *)"yin", pinyin_yin},
    {(const u8 *)"ying", pinyin_ying},
    {(const u8 *)"yo", pinyin_yo},
    {(const u8 *)"yong", pinyin_yong},
    {(const u8 *)"you", pinyin_you},
    {(const u8 *)"yu", pinyin_yu},
    {(const u8 *)"yuan", pinyin_yuan},
    {(const u8 *)"yue", pinyin_yue},
    {(const u8 *)"yun", pinyin_yun},
    {(const u8 *)"za", pinyin_za},
    {(const u8 *)"zai", pinyin_zai},
    {(const u8 *)"zan", pinyin_zan},
    {(const u8 *)"zang", pinyin_zang},
    {(const u8 *)"zao", pinyin_zao},
    {(const u8 *)"ze", pinyin_ze},
    {(const u8 *)"zei", pinyin_zei},
    {(const u8 *)"zen", pinyin_zen},
    {(const u8 *)"zeng", pinyin_zeng},
    {(const u8 *)"zha", pinyin_zha},
    {(const u8 *)"zhai", pinyin_zhai},
    {(const u8 *)"zhan", pinyin_zhan},
    {(const u8 *)"zhang", pinyin_zhang},
    {(const u8 *)"zhao", pinyin_zhao},
    {(const u8 *)"zhe", pinyin_zhe},
    {(const u8 *)"zhei", pinyin_zhei},
    {(const u8 *)"zhen", pinyin_zhen},
    {(const u8 *)"zheng", pinyin_zheng},
    {(const u8 *)"zhi", pinyin_zhi},
    {(const u8 *)"zhong", pinyin_zhong},
    {(const u8 *)"zhou", pinyin_zhou},
    {(const u8 *)"zhu", pinyin_zhu},
    {(const u8 *)"zhua", pinyin_zhua},
    {(const u8 *)"zhuai", pinyin_zhuai},
    {(const u8 *)"zhuan", pinyin_zhuan},
    {(const u8 *)"zhuang", pinyin_zhuang},
    {(const u8 *)"zhui", pinyin_zhui},
    {(const u8 *)"zhun", pinyin_zhun},
    {(const u8 *)"zhuo", pinyin_zhuo},
    {(const u8 *)"zi", pinyin_zi},
    {(const u8 *)"zong", pinyin_zong},
    {(const u8 *)"zou", pinyin_zou},
    {(const u8 *)"zu", pinyin_zu},
    {(const u8 *)"zuan", pinyin_zuan},
    {(const u8 *)"zui", pinyin_zui},
    {(const u8 *)"zun", pinyin_zun},
    {(const u8 *)"zuo", pinyin_zuo},
};
